م,المجال,السؤال,الإجابة
76,ألغاز,"ما هو الشيء الذي كلما كثر لدينا غلا، وكلما قل رخص؟",العقل
77,ألغاز,"اختك خالتك وليست خالتك، فمن تكون؟",أمك
78,ألغاز,"يسير بلا رجلين ولا يدخل إلا بالأذنين، فما هو؟",الصوت
79,ألغاز,ما هو الشيء الذي يوجد في وسط باريس؟,حرف الراء
80,ألغاز,"بيت ليس فيه أبواب ولا نوافذ، فما هو؟",بيت الشعر
81,ألغاز,ترى كل شيء وليس لها عيون؟,المرآة
82,ألغاز,ما هو الشيء الذي يقرصك ولا تراه؟,الجوع
83,ألغاز,شيء تحمله وفي نفس الوقت يحملك؟,الحذاء
84,ألغاز,"ابن أمك وأبيك، وليس بأختك ولا بأخيك، فمن هو؟",أنت
85,ألغاز,ما هو الشيء الذي له أسنان ولا يعض؟,المشط
176,ألغاز,ما هو الشيء الذي يكتب ولا يقرأ؟,القلم
177,ألغاز,"ما هو الشيء الذي يكون أخضر في الأرض، وأسود في السوق، وأحمر في البيت؟",الشاي
178,ألغاز,شيء كلما ذبحته بكيت عليه؟,البصل
179,ألغاز,ما هو البيت الذي لا يسكن فيه أحد؟,بيت الشعر
180,ألغاز,أين يقع البحر الذي لا يوجد فيه ماء؟,في الخريطة
181,ألغاز,"أخوان لا يستطيعان تمضية أكثر من دقيقة معاً، فمن هما؟",عقربا الساعة
182,ألغاز,ما هو الشيء الذي لا يبتل حتى لو دخل الماء؟,الضوء / الظل
183,ألغاز,"حامل ومحمول، نصفه ناشف ونصفه مبلول، فما هو؟",السفينة
184,ألغاز,"شيء تراه في الليل ثلاث مرات، وفي النهار مرة واحدة، فما هو؟",حرف اللام
185,ألغاز,ما هو الشيء الذي كلما أخذت منه كبر؟,الحفرة
276,ألغاز,ما هو الشيء الذي له عين ولا يرى؟,الإبرة
277,ألغاز,"شيء كلما زاد نقص، ما هو؟",العمر
278,ألغاز,ما هو الشيء الذي يكسو الناس وهو عارٍ؟,الإبرة
279,ألغاز,أين يقع البحر الذي لا يغرق فيه أحد؟,على الخريطة
280,ألغاز,ما هو القفص الذي لا يحبس فيه حيوان ولا طير؟,القفص الصدري
281,ألغاز,"شيء تحكله ويحملك، نصفه يابس ونصفه مبلول؟",السفينة
282,ألغاز,"ثلاثة عبروا الجسر، الأول رأى الجسر ومشى عليه، الثاني رأى الجسر ولم يمش عليه، الثالث لم ير الجسر ولم يمش عليه.. كيف؟",امرأة حامل تحمل ابنها الصغير على كتفها
283,ألغاز,ما هو الشيء الذي يقرصك ولا تراه؟,الجوع
284,ألغاز,شيء له أسنان ولا يعض؟,المشط
285,ألغاز,ما هو الشيء الذي كلما أخذت منه كبر؟,الحفرة
376,ألغاز,ما هو الشيء الذي يقرصك ولا تراه؟,الجوع
377,ألغاز,"شيء كلما أخذت منه كبر، وكلما وضعت فيه صغر؟",الحفرة
378,ألغاز,ما هو الشيء الذي يكسو الناس وهو عارٍ؟,الإبرة
379,ألغاز,أين يقع البحر الذي لا يوجد فيه ماء؟,في الخريطة
380,ألغاز,ما هو الشيء الذي له أسنان ولا يعض؟,المشط
381,ألغاز,"أخت خالك وليست خالتك، من تكون؟",أمك
382,ألغاز,شيء تحمله وفي نفس الوقت يحملك؟,الحذاء
383,ألغاز,ما هو الشيء الذي لا يبتل حتى لو دخل الماء؟,الضوء / الظل
384,ألغاز,شيء تراه في الظلام ولا تراه في النور؟,الظلام نفسه (أو النجوم)
385,ألغاز,ما هو الشيء الذي اسمه على لونه؟,البيض / البرتقال
476,ألغاز,ما هو الشيء الذي كلما زاد نقص؟,العمر / الحفرة
477,ألغاز,شيء تأكل منه مع أنه لا يؤكل؟,الطبق / الصحن
478,ألغاز,ما هو الشيء الذي يوصلك من بيتك إلى عملك دون أن يتحرك؟,الطريق
479,ألغاز,شهر ميلادي إذا حذفت أوله تحول إلى اسم فاكهة؟,تموز (حذف التاء = موز)
480,ألغاز,ما هو الشيء الذي لا بداية له ولا نهاية؟,الدائرة
481,ألغاز,"أنا ابن الماء وإذا تركوني في الماء مت، فمن أنا؟",الثلج
482,ألغاز,شيء تحمله ويحملك في نفس الوقت؟,الحذاء
483,ألغاز,ما هو الشيء الذي يوجد في الدقيقة مرتين وفي القرن مرة واحدة؟,حرف القاف
484,ألغاز,"أسمع بلا أذن وأتكلم بلا لسان، فمن أنا؟",الهاتف
485,ألغاز,ما هو الشيء الذي يقرصك ولا تراه؟,الجوع / البرد
576,ألغاز,ما هو الشيء الذي كلما زاد نقص؟,العمر
577,ألغاز,شيء تأكل منه مع أنه لا يؤكل؟,الصحن
578,ألغاز,ما هو الشيء الذي يكتب ولا يقرأ؟,القلم
579,ألغاز,أين يقع البحر الذي لا يوجد فيه ماء؟,في الخريطة
580,ألغاز,ما هو الشيء الذي له عين ولا يرى؟,الإبرة
581,ألغاز,"ابن أمك وأبيك، وليس بأختك ولا بأخيك، فمن هو؟",أنت
582,ألغاز,شيء تحمله وفي نفس الوقت يحملك؟,الحذاء
583,ألغاز,ما هو الشيء الذي لا يبتل حتى لو دخل الماء؟,الضوء
584,ألغاز,شيء تراه في الظلام ولا تراه في النور؟,الظلام نفسه
585,ألغاز,ما هو الشيء الذي اسمه على لونه؟,البيضة / البرتقالة
676,ألغاز,ما هو الشيء الذي يقرصك ولا تراه؟,الجوع
677,ألغاز,"شيء كلما أخذت منه كبر، وكلما وضعت فيه صغر؟",الحفرة
678,ألغاز,ما هو الشيء الذي يكسو الناس وهو عارٍ؟,الإبرة
679,ألغاز,أين يقع النهر الذي لا يوجد فيه ماء؟,في الخريطة
680,ألغاز,ما هو الشيء الذي له أسنان ولا يعض؟,المشط
681,ألغاز,"أخت خالك وليست خالتك، من تكون؟",أمك
682,ألغاز,شيء تحمله وفي نفس الوقت يحملك؟,الحذاء
683,ألغاز,ما هو الشيء الذي لا يبتل حتى لو دخل الماء؟,الضوء / الظل
684,ألغاز,شيء تراه في الظلام ولا تراه في النور؟,الظلام
685,ألغاز,ما هو الشيء الذي اسمه على لونه؟,البيض / البرتقال
776,ألغاز,ما هو الشيء الذي يقرصك ولا تراه؟,الجوع
777,ألغاز,"شيء كلما أخذت منه كبر، وكلما وضعت فيه صغر؟",الحفرة
778,ألغاز,ما هو الشيء الذي يكسو الناس وهو عارٍ؟,الإبرة
779,ألغاز,أين يقع النهر الذي لا يوجد فيه ماء؟,في الخريطة
780,ألغاز,ما هو الشيء الذي له أسنان ولا يعض؟,المشط
781,ألغاز,"أخت خالك وليست خالتك، من تكون؟",أمك
782,ألغاز,شيء تحمله وفي نفس الوقت يحملك؟,الحذاء
783,ألغاز,ما هو الشيء الذي لا يبتل حتى لو دخل الماء؟,الضوء / الظل
784,ألغاز,شيء تراه في الظلام ولا تراه في النور؟,الظلام
785,ألغاز,ما هو الشيء الذي اسمه على لونه؟,البيض / البرتقال
876,ألغاز,ما هو الشيء الذي يقرصك ولا تراه؟,الجوع
877,ألغاز,"شيء كلما أخذت منه كبر، وكلما وضعت فيه صغر؟",الحفرة
878,ألغاز,ما هو الشيء الذي يكسو الناس وهو عارٍ؟,الإبرة
879,ألغاز,أين يقع النهر الذي لا يوجد فيه ماء؟,في الخريطة
880,ألغاز,ما هو الشيء الذي له أسنان ولا يعض؟,المشط
881,ألغاز,"أخت خالك وليست خالتك، من تكون؟",أمك
882,ألغاز,شيء تحمله وفي نفس الوقت يحملك؟,الحذاء
883,ألغاز,ما هو الشيء الذي لا يبتل حتى لو دخل الماء؟,الضوء / الظل
884,ألغاز,شيء تراه في الظلام ولا تراه في النور؟,الظلام
885,ألغاز,ما هو الشيء الذي اسمه على لونه؟,البيض / البرتقال
976,ألغاز,ما هو الشيء الذي يقرصك ولا تراه؟,الجوع
977,ألغاز,"شيء كلما أخذت منه كبر، وكلما وضعت فيه صغر؟",الحفرة
978,ألغاز,ما هو الشيء الذي يكسو الناس وهو عارٍ؟,الإبرة
979,ألغاز,أين يقع النهر الذي لا يوجد فيه ماء؟,في الخريطة
980,ألغاز,ما هو الشيء الذي له أسنان ولا يعض؟,المشط
981,ألغاز,"أخت خالك وليست خالتك، من تكون؟",أمك
982,ألغاز,شيء تحمله وفي نفس الوقت يحملك؟,الحذاء
983,ألغاز,ما هو الشيء الذي لا يبتل حتى لو دخل الماء؟,الضوء / الظل
984,ألغاز,شيء تراه في الظلام ولا تراه في النور؟,الظلام
985,ألغاز,ما هو الشيء الذي اسمه على لونه؟,البيض / البرتقال
م,المجال,السؤال,الإجابة
م,المجال,السؤال,الإجابة
م,المجال,السؤال,الإجابة
م,المجال,السؤال,الإجابة
م,المجال,السؤال,الإجابة
م,المجال,السؤال,الإجابة
م,المجال,السؤال,الإجابة
م,المجال,السؤال,الإجابة
م,المجال,السؤال,الإجابة
11,تاريخ,من هو موحد القطرين في تاريخ مصر القديم؟,الملك مينا (نعرمر)
12,تاريخ,ما هي عاصمة المملكة العربية السعودية؟,الرياض
13,تاريخ,في أي عام قامت ثورة 23 يوليو في مصر؟,عام 1952م
14,تاريخ,من هو القائد المسلم الذي فتح مصر؟,عمرو بن العاص
15,تاريخ,ما هي العملة المستخدمة في الكويت؟,الدينار الكويتي
31,تاريخ,من هو مؤسس الدولة الأموية؟,معاوية بن أبي سفيان
32,تاريخ,"ما هي المدينة التي كانت تسمى ""القسطنطينية""؟",إسطنبول
33,تاريخ,من هو القائد الذي انتصر في معركة حطين؟,صلاح الدين الأيوبي
34,تاريخ,في أي عام تم تأميم قناة السويس؟,1956م
35,تاريخ,"من هو صاحب لقب ""كوكب الشرق""؟",أم كلثوم
36,تاريخ,أين يقع مقر جامعة الدول العربية؟,القاهرة
37,تاريخ,ما هي أول دولة عربية تشرق عليها الشمس؟,سلطنة عمان
38,تاريخ,من الذي بنى تمثال أبو الهول؟,الملك خفرع
39,تاريخ,ما هي عاصمة الدولة الفاطمية قبل القاهرة؟,المهدية (تونس)
40,تاريخ,"من هو مؤلف نشيد ""بلادي بلادي"" المصري؟",يونس القاضي (واللحن لسيد درويش)
61,تاريخ,من هو الخليفة العباسي الذي بنى مدينة سامراء؟,المعتصم بالله
62,تاريخ,"ما هي المعركة التي سميت بـ ""فتح الفتوح""؟",معركة نهاوند
63,تاريخ,"من هو القائد الذي لقب بـ ""داهية العرب""؟",عمرو بن العاص
64,تاريخ,في أي عام سقطت الأندلس نهائياً؟,1492م
65,تاريخ,من هو العالم المصري الذي حصل على نوبل في الكيمياء؟,أحمد زويل
66,تاريخ,متى تم افتتاح الجامع الأزهر للصلاة لأول مرة؟,972م (7 رمضان 361هـ)
67,تاريخ,"من هو السلطان الذي أمر بحفر ""ترعة المحمودية""؟",محمد علي باشا
68,تاريخ,ما هي أقدم عاصمة مأهولة بالسكان في التاريخ؟,دمشق
69,تاريخ,"من هو الرحالة الذي لقب بـ ""شيخ الرحالين""؟",ابن بطوطة
70,تاريخ,كم استمر حكم المماليك في مصر والشام؟,حوالي 267 سنة
111,تاريخ,متى تم افتتاح قناة السويس القديمة؟,1869م
112,تاريخ,من هو القائد المسلم الذي فتح الأندلس؟,طارق بن زياد
113,تاريخ,ما هي الدولة التي استضافت كأس العالم 2022؟,قطر
114,تاريخ,من هو مخترع المصباح الكهربائي؟,توماس إديسون
115,تاريخ,ما هي عاصمة لبنان؟,بيروت
131,تاريخ,من هو مؤسس مدينة القاهرة؟,جوهر الصقلي
132,تاريخ,في أي عام سقطت الدولة العباسية على يد التتار؟,656 هـ (1258م)
133,تاريخ,من هو الرئيس الأمريكي الذي حرر العبيد؟,أبراهام لينكولن
134,تاريخ,ما هي أطول حرب في تاريخ البشرية الحديث؟,حرب المائة عام (بين إنجلترا وفرنسا)
135,تاريخ,متى وقع زلزال مصر الشهير في العصر الحديث؟,1992م
136,تاريخ,ما هي العملة الرسمية للاتحاد الأوروبي؟,اليورو
137,تاريخ,"من هو مؤلف كتاب ""البؤساء""؟",فيكتور هوجو
138,تاريخ,أين يقع مقر محكمة العدل الدولية؟,لاهاي (هولندا)
139,تاريخ,ما هو الاسم القديم لمدينة طوكيو؟,إيدو
140,تاريخ,من هو القائد الذي هزم نابليون في معركة ووترلو؟,دوق ولينغتون
161,تاريخ,من هو الملك الفرعوني الذي وقع أول معاهدة سلام في التاريخ؟,رمسيس الثاني (مع الحيثيين)
162,تاريخ,متى تأسس النادي الأهلي المصري؟,1907م
163,تاريخ,"ما هي الدولة التي كانت تسمى ""ساحل الذهب""؟",غانا
164,تاريخ,من هو القائد الذي بنى مدينة بغداد؟,أبو جعفر المنصور
165,تاريخ,ما هي المعركة التي أوقفت الزحف الإسلامي في أوروبا (فرنسا)؟,بلاط الشهداء (بواتييه)
166,تاريخ,من هو العالم العربي الذي أسس علم الاجتماع؟,ابن خلدون
167,تاريخ,في أي عام وقعت نكبة فلسطين؟,1948م
168,تاريخ,من هي أول امرأة حصلت على جائزة نوبل؟,ماري كوري
169,تاريخ,"ما هي المدينة التي تلقب بـ ""الفيحاء""؟",دمشق / البصرة
170,تاريخ,كم دامت خلافة أبي بكر الصديق؟,سنتان و3 أشهر
211,تاريخ,في أي عام هجري كان فتح مكة؟,8 هـ
212,تاريخ,من هو القائد الذي حارب المرتدين؟,أبو بكر الصديق
213,تاريخ,"ما هي الدولة التي قامت ببناء ""سور الصين العظيم""؟",الصين
214,تاريخ,من هو مخترع الهاتف؟,ألكسندر جراهام بيل
215,تاريخ,"ما هي المدينة التي تلقب بـ ""أم الدنيا""؟",القاهرة
231,تاريخ,متى قامت الحرب العالمية الأولى؟,1914م
232,تاريخ,"من هو القائد العسكري الملقب بـ ""ثعلب الصحراء""؟",إرفين رومل
233,تاريخ,في أي عام تم توحيد المملكة العربية السعودية؟,1932م
234,تاريخ,ما هي الحضارة التي بنت البتراء في الأردن؟,الأنباط
235,تاريخ,من هو الخليفة الذي أمر بتنقيط المصحف؟,عبد الملك بن مروان (بواسطة أبي الأسود الدؤلي ونصر بن عاصم)
236,تاريخ,ما هي أقدم جامعة في العالم ما زالت تعمل؟,جامعة القرويين (المغرب)
237,تاريخ,من هو مكتشف القارة الأمريكية؟,كريستوفر كولومبس
238,تاريخ,ما هي المعركة التي انتصر فيها المصريون على التتار؟,عين جالوت
239,تاريخ,"من هو صاحب كتاب ""ألف ليلة وليلة""؟",غير معروف (تراث شعبي)
240,تاريخ,كم دامت خلافة عمر بن الخطاب؟,10 سنوات
261,تاريخ,"من هو السلطان العثماني الملقب بـ ""القانوني""؟",سليمان القانوني
262,تاريخ,ما هي المعركة التي هزم فيها نابليون بونابرت نهائياً؟,ووترلو
263,تاريخ,من هو مؤسس علم الجبر؟,الخوارزمي
264,تاريخ,متى وقعت نكسة 1967؟,05-Jun-67
265,تاريخ,من هو العالم الذي اخترع الديناميت؟,ألفريد نوبل
266,تاريخ,ما هي أطول خلافة في تاريخ الإسلام (فترة حكم خليفة واحد)؟,المستنصر بالله الفاطمي (60 سنة)
267,تاريخ,من هو القائد الذي أحرق سفنه بعد العبور؟,طارق بن زياد (رواية شهيرة)
268,تاريخ,ما هو الاسم الحقيقي للمتنبي؟,أحمد بن الحسين
269,تاريخ,في أي عام تأسست الأمم المتحدة؟,1945م
270,تاريخ,من هي المرأة التي حكمت مصر لمدة 80 يوماً؟,شجرة الدر
311,تاريخ,ما هي عاصمة فرنسا؟,باريس
312,تاريخ,ما هي العملة المستخدمة في الولايات المتحدة؟,الدولار الأمريكي
313,تاريخ,من هو القائد الذي فتح مصر؟,عمرو بن العاص
314,تاريخ,ما هي الدولة التي تشتهر بالأهرامات؟,مصر
315,تاريخ,ما هي عاصمة الأردن؟,عمّان
331,تاريخ,ما هي عاصمة اليابان؟,طوكيو
332,تاريخ,من هو مخترع المذياع (الراديو)؟,ماركوني
333,تاريخ,في أي قارة تقع دولة البرازيل؟,أمريكا الجنوبية
334,تاريخ,"ما هي الدولة التي تسمى ""بلاد الرافدين""؟",العراق
335,تاريخ,متى قامت ثورة يوليو في مصر؟,1952م
336,تاريخ,ما هي عاصمة تركيا؟,أنقرة
337,تاريخ,من هو القائد المسلم الذي انتصر في معركة القادسية؟,سعد بن أبي وقاص
338,تاريخ,ما هي أكبر جزيرة في العالم؟,جرينلاند
339,تاريخ,"ما هي الدولة التي عاصمتها ""مسقط""؟",سلطنة عمان
340,تاريخ,من هو باني تمثال الحرية؟,فريديريك بارتولدي (أهدته فرنسا لأمريكا)
361,تاريخ,من هو القائد الذي أحرق روما؟,نيرون
362,تاريخ,متى تأسست جامعة الدول العربية؟,1945م
363,تاريخ,"ما هي المعركة التي سميت بـ ""معركة الشهداء""؟",بلاط الشهداء (تور - بواتييه)
364,تاريخ,من هو أول من وصل إلى القطب الشمالي؟,روبرت بيري
365,تاريخ,"ما هي الدولة التي كانت تسمى ""سيلان""؟",سريلانكا
366,تاريخ,"من هو الخليفة العباسي الذي أسس ""بيت الحكمة""؟",المأمون (هارون الرشيد أسس النواة والمأمون طورها)
367,تاريخ,في أي عام سقط جدار برلين؟,1989م
368,تاريخ,ما هي أطول حرب في تاريخ أوروبا؟,حرب الاسترداد (في إسبانيا) - أو حرب المئة عام مجازاً
369,تاريخ,من هو الملك الذي وحد القطرين (الشمال والجنوب) في مصر القديمة؟,الملك مينا (نعرمر)
370,تاريخ,"ما هي المدينة التي تلقب بـ ""مدينة المائة باب""؟",الأقصر (طيبة قديماً)
411,تاريخ,"ما هي الدولة التي كانت تسمى ""أرض الكنانة""؟",مصر
412,تاريخ,من هو القائد الذي فتح القسطنطينية؟,محمد الفاتح
413,تاريخ,ما هي العملة الرسمية للمملكة المتحدة (بريطانيا)؟,الجنيه الإسترليني
414,تاريخ,"في أي دولة تقع مدينة ""مكة المكرمة""؟",السعودية
415,تاريخ,من هو مخترع الطائرة؟,الأخوان رايت
431,تاريخ,ما هي عاصمة ألمانيا؟,برلين
432,تاريخ,من هو القائد الفرنسي الذي هزم في معركة ووترلو؟,نابليون بونابرت
433,تاريخ,متى تم توحيد ألمانيا (الشرقية والغربية)؟,1990م
434,تاريخ,"ما هي الدولة التي تسمى ""بلاد الشمس المشرقة""؟",اليابان
435,تاريخ,من هو مؤسس الدولة السعودية الأولى؟,الإمام محمد بن سعود
436,تاريخ,ما هي عاصمة المغرب؟,الرباط
437,تاريخ,من هو مكتشف الدورة الدموية الصغرى؟,ابن النفيس
438,تاريخ,ما هي المعركة التي انتصر فيها المسلمون بقيادة خالد بن الوليد على الروم؟,معركة اليرموك
439,تاريخ,"من هو صاحب لقب ""أمير الشعراء""؟",أحمد شوقي
440,تاريخ,أين يقع برج بيزا المائل؟,إيطاليا
461,تاريخ,من هو القائد الذي بنى مدينة فاس المغربية؟,إدريس الأول (إدريس بن عبد الله)
462,تاريخ,متى وقعت معركة حطين؟,583 هـ (1187م)
463,تاريخ,"ما هي الدولة التي كانت تعرف بـ ""الحبشة""؟",إثيوبيا
464,تاريخ,من هو العالم الذي اخترع الهاتف؟,ألكسندر جراهام بيل
465,تاريخ,ما هي المدينة التي كانت عاصمة الدولة العثمانية قبل فتح القسطنطينية؟,أدرنة (إدرنة)
466,تاريخ,من هو المؤلف الموسيقي الأصم؟,بيتهوفن
467,تاريخ,في أي عام سقطت جدار برلين؟,1989م
468,تاريخ,ما هي أقدم حضارة في أمريكا الجنوبية؟,حضارة الإنكا (أو كارال كأقدم)
469,تاريخ,من هو القائد الذي فتح بلاد السند؟,محمد بن القاسم الثقفي
470,تاريخ,"ما هي المدينة التي تلقب بـ ""مدينة الضباب""؟",لندن
511,تاريخ,ما هي الدولة التي يوجد بها برج إيفل؟,فرنسا
512,تاريخ,من هو مكتشف أمريكا؟,كريستوفر كولومبس
513,تاريخ,ما هي العملة الرسمية للمملكة العربية السعودية؟,الريال السعودي
514,تاريخ,أين يقع المسجد الأقصى؟,القدس (فلسطين)
515,تاريخ,من هو القائد الذي هزم الصليبيين واسترد القدس؟,صلاح الدين الأيوبي
531,تاريخ,ما هي عاصمة كندا؟,أوتاوا
532,تاريخ,من هو مخترع المصباح الكهربائي؟,توماس إديسون
533,تاريخ,في أي عام قامت الثورة الفرنسية؟,1789م
534,تاريخ,"ما هي الدولة التي كانت تسمى ""فارس"" قديماً؟",إيران
535,تاريخ,من هو القائد الذي فتح بلاد الأندلس؟,طارق بن زياد (وموسى بن نصير)
536,تاريخ,ما هي عاصمة أستراليا؟,كانبرا
537,تاريخ,من هو العالم الذي اكتشف الجاذبية الأرضية؟,إسحاق نيوتن
538,تاريخ,ما هي المعركة التي انتصر فيها المسلمون على التتار؟,عين جالوت
539,تاريخ,من هو صاحب لوحة الموناليزا؟,ليوناردو دافنشي
540,تاريخ,أين يقع مقر الأمم المتحدة؟,نيويورك
561,تاريخ,من هو الخليفة الذي بنى مدينة بغداد؟,أبو جعفر المنصور
562,تاريخ,متى وقعت معركة القادسية؟,15 هـ (636م)
563,تاريخ,"ما هي الدولة التي كانت تسمى ""روديسيا""؟",زيمبابوي
564,تاريخ,من هو العالم الذي اخترع الهاتف؟,ألكسندر جراهام بيل
565,تاريخ,ما هي المدينة التي كانت عاصمة الدولة الفاطمية قبل القاهرة؟,المهدية (تونس)
566,تاريخ,من هو الفيلسوف الذي تجرع السم تنفيذاً لحكم الإعدام؟,سقراط
567,تاريخ,في أي عام تأسس حلف الناتو؟,1949م
568,تاريخ,ما هي أقدم مدينة مأهولة بالسكان في العالم؟,دمشق / أريحا
569,تاريخ,من هو القائد الذي عبر مضيق جبل طارق؟,طارق بن زياد
570,تاريخ,"ما هي المدينة التي تلقب بـ ""الشهباء""؟",حلب
611,تاريخ,من هو القائد الذي انتصر في معركة عين جالوت؟,سيف الدين قطز
612,تاريخ,"ما هي الدولة التي كانت تسمى ""بلاد الشام""؟","سوريا، لبنان، الأردن، فلسطين"
613,تاريخ,من هو أول رئيس للولايات المتحدة الأمريكية؟,جورج واشنطن
614,تاريخ,ما هي العملة الرسمية في الإمارات؟,الدرهم الإماراتي
615,تاريخ,أين يقع مقر جامعة الدول العربية؟,القاهرة
631,تاريخ,ما هي عاصمة إسبانيا؟,مدريد
632,تاريخ,من هو مخترع الديناميت؟,ألفرد نوبل
633,تاريخ,في أي عام انتهت الحرب العالمية الثانية؟,1945م
634,تاريخ,"ما هي الدولة التي تسمى ""أرض المليون شهيد""؟",الجزائر
635,تاريخ,من هو القائد الذي فتح بلاد السند؟,محمد بن القاسم الثقفي
636,تاريخ,ما هي عاصمة روسيا؟,موسكو
637,تاريخ,من هو العالم الذي اكتشف البنسلين؟,ألكسندر فليمنج
638,تاريخ,ما هي المعركة التي انتصر فيها المسلمون على الروم في الشام؟,اليرموك
639,تاريخ,"من هو صاحب لقب ""شاعر النيل""؟",حافظ إبراهيم
640,تاريخ,أين يقع سور الصين العظيم؟,الصين
661,تاريخ,من هو الخليفة الذي أمر ببناء قبة الصخرة؟,عبد الملك بن مروان
662,تاريخ,متى وقعت معركة بلاط الشهداء؟,114 هـ (732م)
663,تاريخ,"ما هي الدولة التي كانت تسمى ""سيلان""؟",سريلانكا
664,تاريخ,من هو العالم الذي اخترع المصباح الكهربائي؟,توماس إديسون
665,تاريخ,ما هي المدينة التي كانت عاصمة الدولة الأموية في الأندلس؟,قرطبة
666,تاريخ,"من هو الفيلسوف الذي لقب بـ ""المعلم الأول""؟",أرسطو
667,تاريخ,في أي عام تأسست جامعة الدول العربية؟,1945م
668,تاريخ,ما هي أقدم جامعة في العالم (ما زالت تعمل)؟,جامعة القرويين (المغرب)
669,تاريخ,من هو القائد الذي فتح بلاد المغرب العربي؟,عقبة بن نافع
670,تاريخ,"ما هي المدينة التي تلقب بـ ""مدينة النور""؟",باريس
711,تاريخ,"ما هي الدولة التي كانت تسمى ""بلاد الرافدين""؟",العراق
712,تاريخ,من هو القائد الذي فتح مصر؟,عمرو بن العاص
713,تاريخ,ما هي العملة الرسمية لدولة الكويت؟,الدينار الكويتي
714,تاريخ,أين يقع برج خليفة؟,دبي (الإمارات)
715,تاريخ,من هو مكتشف الجاذبية الأرضية؟,إسحاق نيوتن
731,تاريخ,ما هي عاصمة إيطاليا؟,روما
732,تاريخ,من هو مخترع الهاتف؟,ألكسندر جراهام بيل
733,تاريخ,في أي عام قامت الثورة الجزائرية؟,1954م
734,تاريخ,"ما هي الدولة التي تسمى ""بلاد الأرز""؟",لبنان
735,تاريخ,من هو القائد الذي انتصر في معركة حطين؟,صلاح الدين الأيوبي
736,تاريخ,ما هي عاصمة الصين؟,بكين
737,تاريخ,من هو العالم الذي اكتشف البنسلين؟,ألكسندر فليمنج
738,تاريخ,ما هي المعركة التي انتصر فيها المسلمون على الفرس؟,القادسية
739,تاريخ,"من هو صاحب لقب ""عميد الأدب العربي""؟",طه حسين
740,تاريخ,أين يقع تمثال الحرية؟,نيويورك (أمريكا)
761,تاريخ,من هو الخليفة الذي أمر ببناء قبة الصخرة؟,عبد الملك بن مروان
762,تاريخ,متى وقعت معركة عين جالوت؟,658 هـ (1260م)
763,تاريخ,"ما هي الدولة التي كانت تسمى ""سيلان""؟",سريلانكا
764,تاريخ,من هو العالم الذي اخترع المصباح الكهربائي؟,توماس إديسون
765,تاريخ,ما هي المدينة التي كانت عاصمة الدولة العباسية؟,بغداد
766,تاريخ,"من هو الفيلسوف الذي لقب بـ ""المعلم الثاني""؟",الفارابي
767,تاريخ,في أي عام تأسست الأمم المتحدة؟,1945م
768,تاريخ,ما هي أقدم جامعة في العالم (ما زالت تعمل)؟,جامعة القرويين
769,تاريخ,من هو القائد الذي فتح بلاد الأندلس؟,طارق بن زياد
770,تاريخ,"ما هي المدينة التي تلقب بـ ""مدينة الضباب""؟",لندن
811,تاريخ,"ما هي الدولة التي بنت ""تمثال الحرية"" وأهدته لأمريكا؟",فرنسا
812,تاريخ,من هو القائد الذي فتح القسطنطينية؟,محمد الفاتح
813,تاريخ,ما هي العملة الرسمية في الأردن؟,الدينار الأردني
814,تاريخ,أين يقع برج إيفل؟,باريس (فرنسا)
815,تاريخ,من هو مؤسس علم الجبر؟,الخوارزمي
831,تاريخ,ما هي عاصمة إسبانيا؟,مدريد
832,تاريخ,من هو مخترع المصباح الكهربائي؟,توماس إديسون
833,تاريخ,في أي عام قامت الثورة الفرنسية؟,1789م
834,تاريخ,"ما هي الدولة التي تسمى ""أرض الكنانة""؟",مصر
835,تاريخ,من هو القائد الذي فتح بلاد الأندلس؟,طارق بن زياد
836,تاريخ,ما هي عاصمة الصين؟,بكين
837,تاريخ,من هو العالم الذي اكتشف الجاذبية؟,إسحاق نيوتن
838,تاريخ,ما هي المعركة التي انتصر فيها المسلمون على التتار؟,عين جالوت
839,تاريخ,"من هو صاحب لقب ""أمير الشعراء""؟",أحمد شوقي
840,تاريخ,أين يقع سور الصين العظيم؟,الصين
861,تاريخ,من هو الخليفة الذي أمر ببناء قبة الصخرة؟,عبد الملك بن مروان
862,تاريخ,متى وقعت معركة حطين؟,583 هـ (1187م)
863,تاريخ,"ما هي الدولة التي كانت تسمى ""سيلان""؟",سريلانكا
864,تاريخ,من هو العالم الذي اخترع الهاتف؟,ألكسندر جراهام بيل
865,تاريخ,ما هي المدينة التي كانت عاصمة الدولة العباسية؟,بغداد
866,تاريخ,"من هو الفيلسوف الذي لقب بـ ""المعلم الثاني""؟",الفارابي
867,تاريخ,في أي عام تأسست الأمم المتحدة؟,1945م
868,تاريخ,ما هي أقدم جامعة في العالم (ما زالت تعمل)؟,جامعة القرويين
869,تاريخ,من هو القائد الذي فتح بلاد المغرب العربي؟,عقبة بن نافع
870,تاريخ,"ما هي المدينة التي تلقب بـ ""مدينة الضباب""؟",لندن
911,تاريخ,"ما هي الدولة التي تشتهر بوجود ""برج بيزا المائل""؟",إيطاليا
912,تاريخ,من هو القائد الذي فتح مصر؟,عمرو بن العاص
913,تاريخ,ما هي العملة الرسمية لدولة قطر؟,الريال القطري
914,تاريخ,أين يقع مقر جامعة الدول العربية؟,القاهرة
915,تاريخ,من هو مكتشف أمريكا؟,كريستوفر كولومبس
931,تاريخ,ما هي عاصمة فرنسا؟,باريس
932,تاريخ,من هو مخترع المصباح الكهربائي؟,توماس إديسون
933,تاريخ,في أي عام قامت ثورة 23 يوليو في مصر؟,1952م
934,تاريخ,"ما هي الدولة التي تسمى ""أرض الكنانة""؟",مصر
935,تاريخ,من هو القائد الذي فتح بلاد السند؟,محمد بن القاسم الثقفي
936,تاريخ,ما هي عاصمة ألمانيا؟,برلين
937,تاريخ,من هو العالم الذي اكتشف الدورة الدموية الصغرى؟,ابن النفيس
938,تاريخ,ما هي المعركة التي انتصر فيها المسلمون على التتار؟,عين جالوت
939,تاريخ,"من هو صاحب لقب ""شاعر النيل""؟",حافظ إبراهيم
940,تاريخ,أين يقع تمثال الحرية؟,نيويورك
961,تاريخ,من هو الخليفة الذي أمر ببناء قبة الصخرة؟,عبد الملك بن مروان
962,تاريخ,متى وقعت معركة حطين؟,583 هـ (1187م)
963,تاريخ,"ما هي الدولة التي كانت تسمى ""سيلان""؟",سريلانكا
964,تاريخ,من هو العالم الذي اخترع الهاتف؟,ألكسندر جراهام بيل
965,تاريخ,ما هي المدينة التي كانت عاصمة الدولة العباسية؟,بغداد
966,تاريخ,"من هو الفيلسوف الذي لقب بـ ""المعلم الأول""؟",أرسطو
967,تاريخ,في أي عام تأسست الأمم المتحدة؟,1945م
968,تاريخ,ما هي أقدم جامعة في العالم (ما زالت تعمل)؟,جامعة القرويين
969,تاريخ,من هو القائد الذي فتح بلاد الأندلس؟,طارق بن زياد
970,تاريخ,"ما هي المدينة التي تلقب بـ ""مدينة الضباب""؟",لندن
1,ديني,ما هي السورة التي تعدل ثلث القرآن؟,سورة الإخلاص
2,ديني,كم عدد أركان الإسلام؟,خمسة أركان
3,ديني,في أي يوم نزل القرآن الكريم لأول مرة؟,ليلة القدر
4,ديني,من هو النبي الذي ابتلعه الحوت؟,يونس عليه السلام
5,ديني,ما هي الصلاة التي لا ركوع فيها ولا سجود؟,صلاة الجنازة
6,ديني,من هو أول مؤذن في الإسلام؟,بلال بن رباح
7,ديني,ما اسم زوجة فرعون التي ذكرت في القرآن؟,آسيا بنت مزاحم
8,ديني,ما هي أطول سورة في القرآن الكريم؟,سورة البقرة
9,ديني,كم عدد سجدات التلاوة في القرآن؟,15 سجدة
10,ديني,"ما هو الاسم الآخر لسورة ""غافر""؟",سورة المؤمن
21,ديني,"من هو الصحابي الملقب بـ ""ذو النورين""؟",عثمان بن عفان
22,ديني,ما هي الغزوة التي جُرح فيها النبي ﷺ وشُجّ رأسه؟,غزوة أحد
23,ديني,من هو النبي الذي كفل مريم عليها السلام؟,زكريا عليه السلام
24,ديني,كم عدد السنوات التي قضاها الرسول في مكة بعد البعثة؟,13 سنة
25,ديني,"ما هي السورة التي تسمى ""عروس القرآن""؟",سورة الرحمن
26,ديني,من هو أول مولود للمهاجرين في المدينة؟,عبدالله بن الزبير
27,ديني,ما هو الحج الأصغر؟,العمرة
28,ديني,من هو الصحابي الذي أشار بحفر الخندق؟,سلمان الفارسي
29,ديني,كم كان عمر النبي ﷺ عند وفاته؟,63 عاماً
30,ديني,ما هي السورة التي خلت من البسملة في بدايتها؟,سورة التوبة
51,ديني,من هو الصحابي الذي نزلت الملائكة لتستمع لقراءته؟,أسيد بن حضير
52,ديني,من هو أول من رمى بسهم في سبيل الله؟,سعد بن أبي وقاص
53,ديني,ما هي السورة التي نزلت كاملة وشيعها سبعون ألف ملك؟,سورة الأنعام
54,ديني,من هو النبي الذي صام عن الكلام ثلاثة أيام؟,زكريا عليه السلام
55,ديني,أين توفي أبو عبيدة بن الجراح؟,الأردن (غور الأردن)
56,ديني,من هو الصحابي الذي قتله الجن؟,سعد بن عبادة (في رواية)
57,ديني,ما هو المسجد الذي أمر الرسول بهدمه وحرقه؟,مسجد الضرار
58,ديني,كم عدد الأنبياء الذين ذكروا في القرآن الكريم؟,25 نبياً
59,ديني,من هي آخر زوجات النبي ﷺ وفاةً؟,أم سلمة
60,ديني,"ما هي السورة التي تسمى ""الفاضحة""؟",سورة التوبة
101,ديني,من هو أول مولود في الإسلام بعد الهجرة؟,عبدالله بن الزبير
102,ديني,"ما هي السورة التي تسمى ""قلب القرآن""؟",سورة يس
103,ديني,كم عدد السنوات التي صامها النبي ﷺ رمضان؟,9 سنوات
104,ديني,من هو النبي الذي كان يعمل نجاراً؟,زكريا عليه السلام
105,ديني,ما هو الدعاء الذي يكثر منه النبي في ليلة القدر؟,اللهم إنك عفو تحب العفو فاعف عني
106,ديني,في أي مدينة يوجد المسجد الإبراهيمي؟,الخليل (فلسطين)
107,ديني,من هي ذات النطاقين؟,أسماء بنت أبي بكر
108,ديني,ما هي السورة التي تعادل ربع القرآن؟,سورة الكافرون
109,ديني,من هو أول من أسلم من الرجال؟,أبو بكر الصديق
110,ديني,ما هي الصلاة التي تصلى لطلب المطر؟,صلاة الاستسقاء
121,ديني,من هو الصحابي الذي أشار بجمع القرآن الكريم في عهد أبي بكر؟,عمر بن الخطاب
122,ديني,ما هي السورة التي ذكرت فيها البسملة مرتين؟,سورة النمل
123,ديني,من هو أول فدائي في الإسلام؟,علي بن أبي طالب
124,ديني,في أي سنة كانت غزوة الخندق (الأحزاب)؟,5 هجرية
125,ديني,"من هي زوجة النبي التي كانت تسمى ""أم المساكين""؟",زينب بنت خزيمة
126,ديني,ما هو المسجد الذي ذكر اسمه في القرآن الكريم غير المسجد الحرام والأقصى؟,مسجد الضرار (ذكر للذم) / مسجد قباء (أسس على التقوى)
127,ديني,كم عدد التكبيرات في الركعة الأولى من صلاة العيد؟,7 تكبيرات (غير تكبيرة الإحرام)
128,ديني,من هو النبي الذي ألان الله له الحديد؟,داوود عليه السلام
129,ديني,"ما هي السورة التي تسمى ""المنجية""؟",سورة الملك
130,ديني,من هو الصحابي الذي قتله مسيلمة الكذاب؟,حبيب بن زيد
151,ديني,من هو الصحابي الذي صلى بالناس إماماً وفيهم النبي ﷺ؟,عبد الرحمن بن عوف (وأبو بكر في مرض الموت)
152,ديني,ما هي السورة التي شيبت النبي ﷺ؟,سورة هود وأخواتها
153,ديني,"من هو الصحابي الذي لقب بـ ""الشهيد الحي""؟",طلحة بن عبيد الله
154,ديني,في أي غزوة استشهد مصعب بن عمير؟,غزوة أحد
155,ديني,من هو الصحابي الذي أضاءت عصاه في ليلة مظلمة؟,عباد بن بشر / أسيد بن حضير
156,ديني,ما هي أول سورة نزلت فيها سجدة تلاوة؟,سورة النجم
157,ديني,من هو الصحابي الذي ترجم خطبة النبي ﷺ للفرس؟,سلمان الفارسي
158,ديني,"ما هو ""يوم الحج الأكبر""؟",يوم النحر (عيد الأضحى)
159,ديني,من هي الصحابية التي قتلت سبعة من الروم يوم اليرموك؟,أسماء بنت يزيد
160,ديني,ما هو المسجد الذي صلى فيه النبي ﷺ ومعه الأنبياء ليلة الإسراء؟,المسجد الأقصى
201,ديني,من هو النبي الذي ألقي في النار ولم تحرقه؟,إبراهيم عليه السلام
202,ديني,كم عدد ركعات صلاة المغرب؟,3 ركعات
203,ديني,"ما هي السورة التي تبدأ بـ ""قل هو الله أحد""؟",سورة الإخلاص
204,ديني,من هي ابنة النبي ﷺ التي تزوجها علي بن أبي طالب؟,فاطمة الزهراء
205,ديني,ما هو الشهر الذي يأتي بعد رمضان مباشرة؟,شوال
206,ديني,من هو خازن الجنة؟,رضوان
207,ديني,ما هي القبلة الأولى للمسلمين؟,المسجد الأقصى
208,ديني,كم عدد الخلفاء الراشدين؟,4 خلفاء
209,ديني,من هو النبي الذي بنى السفينة؟,نوح عليه السلام
210,ديني,ما هو الطائر الذي تكلم مع النبي سليمان؟,الهدهد
221,ديني,من هو النبي الذي صبر على المرض سنوات طويلة؟,أيوب عليه السلام
222,ديني,"ما هي السورة التي تسمى ""سنام القرآن""؟",سورة البقرة
223,ديني,من هو الصحابي الذي اهتز لموته عرش الرحمن؟,سعد بن معاذ
224,ديني,كم عدد أبواب الجنة؟,8 أبواب
225,ديني,من هي زوجة النبي ﷺ التي كانت يهودية ثم أسلمت؟,صفية بنت حيي
226,ديني,ما هي السورة التي تعدل نصف القرآن؟,سورة الزلزلة (في بعض الآثار) / أو الإخلاص (ثلث)
227,ديني,من هو النبي الذي كلمه الله تكليماً؟,موسى عليه السلام
228,ديني,في أي يوم توفي النبي محمد ﷺ؟,يوم الاثنين (12 ربيع الأول)
229,ديني,ما هو المسجد الذي تعادل الصلاة فيه 1000 صلاة؟,المسجد النبوي
230,ديني,من هو الصحابي الذي دافع عن الرسول في أحد حتى شلت يده؟,طلحة بن عبيد الله
251,ديني,من هو الصحابي الذي كان رفيق النبي في رحلة الطائف؟,زيد بن حارثة
252,ديني,"ما هي السورة التي تسمى ""أخت الطويلتين""؟",سورة الأعراف
253,ديني,"من هو الصحابي الذي لقب بـ ""ساعي بريد الرسول""؟",عمرو بن أمية الضمري
254,ديني,في أي عام فرض الحج؟,السنة التاسعة للهجرة
255,ديني,من هو النبي الذي مات ولم يولد؟,آدم عليه السلام
256,ديني,"ما هي السورة التي ذكر فيها ""يوم الجمعة""؟",سورة الجمعة
257,ديني,من هو الصحابي الذي قتل أبا جهل؟,معاذ بن عمرو ومعوذ بن عفراء (وأجهز عليه ابن مسعود)
258,ديني,"ما هو ""يوم الفرقان""؟",يوم غزوة بدر
259,ديني,"من هي الصحابية التي لقبت بـ ""حارسة القرآن""؟",حفصة بنت عمر
260,ديني,ما هي أقصر خطبة في القرآن وعلى لسان من؟,"""اركبوا فيها"" (نوح عليه السلام)"
301,ديني,"ما هي السورة التي تسمى ""الفاتحة""؟",لأنها يفتتح بها القرآن الكريم
302,ديني,كم عدد سجدات التلاوة في القرآن الكريم؟,15 سجدة
303,ديني,من هو النبي الذي ابنه كافر وزوجته كافرة؟,نوح عليه السلام
304,ديني,ما هي أعظم آية في القرآن الكريم؟,آية الكرسي
305,ديني,"ما هو ""الذكر"" الذي يطمئن القلوب؟",ذكر الله (ألا بذكر الله تطمئن القلوب)
306,ديني,من هو النبي الذي كان يكلم الطير؟,سليمان عليه السلام
307,ديني,ما هي السورة التي تعادل ثلث القرآن؟,سورة الإخلاص
308,ديني,في أي مدينة ولد النبي محمد ﷺ؟,مكة المكرمة
309,ديني,ما هو الركن الثاني من أركان الإسلام؟,إقام الصلاة
310,ديني,من هو عم النبي الذي آمن به وناصره؟,حمزة بن عبد المطلب / العباس بن عبد المطلب
321,ديني,"من هو ""خطيب الأنبياء""؟",شعيب عليه السلام
322,ديني,"ما هي السورة التي ذكر فيها اسم ""الله"" في كل آية؟",سورة المجادلة
323,ديني,من هو الصحابي الذي جمع القرآن في مصحف واحد؟,عثمان بن عفان
324,ديني,ما هي الصلاة التي يركع فيها المصلي 4 ركوعات وتسجد 4 سجدات؟,صلاة الكسوف/الخسوف (ركعتين في كل ركعة ركوعان)
325,ديني,من هو النبي الذي صام عن الكلام ثلاثة أيام؟,زكريا عليه السلام
326,ديني,من هي أول شهيدة في الإسلام؟,سمية بنت خياط (أم عمار)
327,ديني,ما هو اسم خازن النار؟,مالك
328,ديني,كم عدد السنوات التي نزل فيها القرآن المكي؟,13 سنة
329,ديني,"ما هي السورة التي تسمى ""بني إسرائيل""؟",سورة الإسراء
330,ديني,من هو الصحابي الذي دعي له النبي بكثرة المال والولد؟,أنس بن مالك
351,ديني,"من هو الصحابي الذي لقب بـ ""ترجمان القرآن""؟",عبد الله بن عباس
352,ديني,"ما هي السورة التي تسمى ""النساء الصغرى""؟",سورة الطلاق
353,ديني,من هو النبي الذي آمن به جميع قومه؟,يونس عليه السلام (بعد العذاب)
354,ديني,ما هو المكان الذي لم تصبه الشمس إلا مرة واحدة؟,قاع البحر الذي انشق لموسى عليه السلام
355,ديني,من هو الصحابي الذي قتله الجن؟,سعد بن عبادة (في رواية مشهورة)
356,ديني,ما هي السورة التي شيبت الرسول وأخواتها؟,سورة هود
357,ديني,من هو الصحابي الذي كان يشبه الرسول ﷺ في خلقه؟,جعفر بن أبي طالب / والحسن بن علي
358,ديني,كم عدد الأنبياء والرسل المذكورين في القرآن بالاسم؟,25 نبياً ورسولاً
359,ديني,من هي المرأة التي أوحى الله إليها (ليس وحي رسالة بل إلهام)؟,أم موسى (وأوحينا إلى أم موسى)
360,ديني,ما هي الصلاة التي يركع فيها المصلي 4 ركعات ويسجد 4 سجدات؟,صلاة الكسوف والخسوف
401,ديني,"ما هي السورة التي تسمى ""أم الكتاب""؟",سورة الفاتحة
402,ديني,كم عدد ركعات صلاة الجمعة؟,ركعتان
403,ديني,من هو النبي الذي ألان الله له الحديد؟,داوود عليه السلام
404,ديني,ما هو الحج الأصغر؟,العمرة
405,ديني,ما هي السورة التي تنتهي جميع آياتها بحرف السين؟,سورة الناس
406,ديني,من هو الصحابي الذي رافق النبي في الغار؟,أبو بكر الصديق
407,ديني,ما هو الحيوان الذي ارتبط بقصة أصحاب الكهف؟,الكلب
408,ديني,ما هي الصلاة التي ليس لها أذان ولا إقامة؟,صلاة العيد / صلاة الجنازة
409,ديني,"من هي أم المؤمنين التي كانت تسمى ""الصوامة القوامة""؟",حفصة بنت عمر
410,ديني,في أي شهر نزل القرآن الكريم؟,شهر رمضان
421,ديني,"من هو ""أمين هذه الأمة""؟",أبو عبيدة بن الجراح
422,ديني,"ما هي السورة التي تسمى ""براءة""؟",سورة التوبة
423,ديني,"من هو النبي الذي كانت معجزته ""العصا""؟",موسى عليه السلام
424,ديني,كم عدد التكبيرات في الركعة الثانية من صلاة العيد؟,5 تكبيرات (غير تكبيرة الانتقال)
425,ديني,"من هو الصحابي الذي لقب بـ ""غسيل الملائكة""؟",حنظلة بن أبي عامر
426,ديني,ما هي السورة التي تعادل ربع القرآن؟,سورة الكافرون
427,ديني,من هو أول سفير في الإسلام؟,مصعب بن عمير
428,ديني,ما هي الليلة التي هي خير من ألف شهر؟,ليلة القدر
429,ديني,من هو النبي الذي ابتلعته الأرض؟,قارون (كان من قوم موسى وليس نبياً) / الخسف بقارون
430,ديني,من هو الصحابي الذي أشار بحفر الخندق؟,سلمان الفارسي
451,ديني,"من هو الصحابي الذي لقب بـ ""أسد الله""؟",حمزة بن عبد المطلب / علي بن أبي طالب
452,ديني,"ما هي السورة التي تسمى ""القتال""؟",سورة محمد
453,ديني,"من هو النبي الذي بشر بالنبي محمد ﷺ باسم ""أحمد""؟",عيسى عليه السلام
454,ديني,ما هو المسجد الذي أسس على التقوى من أول يوم؟,مسجد قباء
455,ديني,من هو الصحابي الذي قتل مسيلمة الكذاب؟,وحشي بن حرب
456,ديني,"ما هي السورة التي ذكرت فيها قصة ""ذو القرنين""؟",سورة الكهف
457,ديني,من هو الصحابي الذي كان آخر من مات من العشرة المبشرين بالجنة؟,سعد بن أبي وقاص
458,ديني,كم عدد السنوات التي قضاها يوسف عليه السلام في السجن؟,بضع سنين (قيل 7 سنوات)
459,ديني,من هي المرأة التي جادلت النبي في زوجها وسميت السورة باسمها (المجادلة)؟,خولة بنت ثعلبة
460,ديني,ما هي الصلاة التي تصلى عند تغير لون الشمس أو القمر؟,صلاة الكسوف / الخسوف
501,ديني,"ما هي السورة التي تسمى ""الفاتحة""؟",سورة الحمد
502,ديني,من هو النبي الذي ابتلعه الحوت؟,يونس عليه السلام
503,ديني,كم عدد أركان الإيمان؟,6 أركان
504,ديني,ما هي الصلاة التي يسن فيها إطالة القراءة والركوع؟,صلاة الكسوف
505,ديني,من هو الصحابي الذي نام في فراش النبي ليلة الهجرة؟,علي بن أبي طالب
506,ديني,"ما هو ""الذكر"" الذي يعادل عتق عشر رقاب؟",لا إله إلا الله وحده لا شريك له.. (100 مرة)
507,ديني,من هي أخت الرسول ﷺ من الرضاعة؟,الشيماء
508,ديني,ما هي السورة التي تعدل نصف القرآن (في بعض الأقوال)؟,سورة الزلزلة
509,ديني,في أي غزوة كسرت رباعية النبي ﷺ؟,غزوة أحد
510,ديني,ما هو الحيوان الذي رافق أهل الكهف؟,الكلب
521,ديني,من هو الصحابي الذي اهتز العرش لموته؟,سعد بن معاذ
522,ديني,"ما هي السورة التي تسمى ""النساء الصغرى""؟",سورة الطلاق
523,ديني,من هو النبي الذي كان يعمل خياطاً؟,إدريس عليه السلام
524,ديني,"ما هي الغزوة التي سميت بـ ""غزوة العسرة""؟",غزوة تبوك
525,ديني,من هي الزوجة التي وهبت نوبتها لعائشة رضي الله عنها؟,سودة بنت زمعة
526,ديني,كم عدد التكبيرات في الركعة الأولى من صلاة الجنازة؟,تكبيرة الإحرام فقط (ثم الفاتحة) - المجموع 4 تكبيرات
527,ديني,"من هو الصحابي الذي لقب بـ ""بحر الجود""؟",عبد الله بن جعفر
528,ديني,"ما هي السورة التي ذكرت فيها قصة ""أصحاب الأخدود""؟",سورة البروج
529,ديني,من هو أول من استلم الحجر الأسود من الأئمة؟,عبد الله بن الزبير
530,ديني,ما هو المسجد الذي أمر الله نبيه أن يتوجه إليه في الصلاة أول الأمر؟,المسجد الأقصى
551,ديني,من هو الصحابي الذي غسلته الملائكة؟,حنظلة بن أبي عامر
552,ديني,"ما هي السورة التي ذكرت فيها ""البسملة"" في آية من آياتها (غير البداية)؟",سورة النمل (إنه من سليمان وإنه بسم الله..)
553,ديني,"من هو النبي الذي بشر بالنبي محمد ﷺ باسم ""أحمد""؟",عيسى عليه السلام
554,ديني,ما هو المكان الذي صلى فيه النبي ﷺ إماماً بالأنبياء؟,المسجد الأقصى
555,ديني,"من هو الصحابي الذي قتل ""مسيلمة الكذاب""؟",وحشي بن حرب
556,ديني,"ما هي السورة التي تسمى ""المبعثرة""؟",سورة التوبة
557,ديني,"من هو الصحابي الذي لقب بـ ""ذو البجادين""؟",عبد الله بن عبد نهم
558,ديني,كم عدد السنوات التي قضاها النبي في المدينة؟,10 سنوات
559,ديني,"من هي الصحابية التي كانت تسمى ""خاطبة النساء""؟",نفيسة بنت منية (صديقة خديجة)
560,ديني,"ما هو ""يوم التروية""؟",اليوم الثامن من ذي الحجة
601,ديني,"ما هي السورة التي تسمى ""التوديع""؟",سورة النصر
602,ديني,من هو النبي الذي كان أبوه آزر؟,إبراهيم عليه السلام
603,ديني,كم عدد ركعات صلاة الوتر؟,أقله ركعة واحدة
604,ديني,ما هو الركن الثالث من أركان الإسلام؟,إيتاء الزكاة
605,ديني,"من هي ""ذات النطاقين""؟",أسماء بنت أبي بكر
606,ديني,ما هي السورة التي تحمي من المسيح الدجال (قراءة عشر آيات منها)؟,سورة الكهف (أول 10 آيات)
607,ديني,من هو الصحابي الذي أمره النبي بتبليغ سورة براءة للمشركين؟,علي بن أبي طالب
608,ديني,ما هو اسم خازن الجنة؟,رضوان
609,ديني,في أي يوم ولد النبي ﷺ؟,يوم الاثنين
610,ديني,"ما هو ""الذكر"" الذي يغفر الذنوب ولو كانت مثل زبد البحر؟",سبحان الله وبحمده (100 مرة)
621,ديني,"من هو ""حبر الأمة""؟",عبد الله بن عباس
622,ديني,"ما هي السورة التي تسمى ""الفاضحة""؟",سورة التوبة
623,ديني,"من هو النبي الذي كانت معجزته ""إحياء الموتى"" بإذن الله؟",عيسى عليه السلام
624,ديني,ما هي الصلاة التي تصلى جماعة في رمضان بعد العشاء؟,صلاة التراويح
625,ديني,من هو الصحابي الذي دافع عن النبي في أحد حتى شلت يده؟,طلحة بن عبيد الله
626,ديني,ما هي السورة التي تعادل ثلث القرآن؟,سورة الإخلاص
627,ديني,من هو أول من رمى بسهم في الإسلام؟,سعد بن أبي وقاص
628,ديني,ما هي الليلة التي نزل فيها القرآن جملة واحدة إلى السماء الدنيا؟,ليلة القدر
629,ديني,"من هو النبي الذي لقب بـ ""ذو النون""؟",يونس عليه السلام
630,ديني,من هو الصحابي الذي جمع الناس على مصحف واحد؟,عثمان بن عفان
651,ديني,"من هو الصحابي الذي لقب بـ ""سيد القراء""؟",أبي بن كعب
652,ديني,"ما هي السورة التي تسمى ""المجادلة""؟",سورة المجادلة (قد سمع)
653,ديني,"من هو النبي الذي بشر بقدوم النبي محمد ﷺ باسم ""أحمد""؟",عيسى عليه السلام
654,ديني,"ما هو المسجد الذي ذكر في القرآن بأنه ""أسس على التقوى""؟",مسجد قباء
655,ديني,"من هو الصحابي الذي قتل ""مسيلمة الكذاب""؟",وحشي بن حرب
656,ديني,"ما هي السورة التي تسمى ""بني إسرائيل""؟",سورة الإسراء
657,ديني,من هو الصحابي الذي كان آخر من مات من الصحابة؟,أبو الطفيل عامر بن واثلة
658,ديني,كم عدد السنوات التي قضاها النبي في مكة بعد البعثة؟,13 سنة
659,ديني,من هي الصحابية التي قتلت سبعة من الروم يوم اليرموك؟,أسماء بنت يزيد
660,ديني,"ما هو ""يوم النحر""؟",يوم عيد الأضحى (10 ذو الحجة)
701,ديني,"ما هي السورة التي تسمى ""السبع المثاني""؟",سورة الفاتحة
702,ديني,من هو النبي الذي كلمه الله عند جبل الطور؟,موسى عليه السلام
703,ديني,كم عدد ركعات صلاة الفجر؟,ركعتان
704,ديني,"ما هو ""الذكر"" الذي ينجي من عذاب القبر؟",قراءة سورة الملك
705,ديني,من هي زوجة فرعون التي ضرب الله بها مثلاً للذين آمنوا؟,آسيا بنت مزاحم
706,ديني,ما هو الحيوان الذي ارتبط بقصة النبي صالح؟,الناقة
707,ديني,في أي يوم من أيام الأسبوع خلق الله آدم؟,يوم الجمعة
708,ديني,ما هي السورة التي تعادل ربع القرآن؟,سورة الكافرون
709,ديني,"من هو الصحابي الذي لقب بـ ""أمين هذه الأمة""؟",أبو عبيدة بن الجراح
710,ديني,ما هو الركن الخامس من أركان الإسلام؟,حج البيت
721,ديني,"من هو ""ذو النورين""؟",عثمان بن عفان
722,ديني,"ما هي السورة التي تسمى ""أخت الطويلتين""؟",سورة الأعراف
723,ديني,من هو النبي الذي كان يعمل حداداً؟,داوود عليه السلام
724,ديني,ما هي الصلاة التي ليس فيها ركوع ولا سجود؟,صلاة الجنازة
725,ديني,من هو الصحابي الذي أشار بجمع القرآن؟,عمر بن الخطاب (أشار على أبي بكر)
726,ديني,ما هي السورة التي ذكرت فيها البسملة مرتين؟,سورة النمل
727,ديني,من هو أول من أسلم من الموالي؟,زيد بن حارثة
728,ديني,ما هي الليلة التي أنزل فيها القرآن؟,ليلة القدر
729,ديني,من هو النبي الذي ابتلعه الحوت؟,يونس عليه السلام
730,ديني,"من هو الصحابي الذي لقب بـ ""سيف الله المسلول""؟",خالد بن الوليد
751,ديني,"من هو الصحابي الذي لقب بـ ""حبر الأمة""؟",عبد الله بن عباس
752,ديني,"ما هي السورة التي تسمى ""الفاضحة""؟",سورة التوبة
753,ديني,"من هو النبي الذي بشر بالنبي محمد باسم ""أحمد""؟",عيسى عليه السلام
754,ديني,ما هو المسجد الذي أسس على التقوى؟,مسجد قباء
755,ديني,"من هو الصحابي الذي قتل ""مسيلمة الكذاب""؟",وحشي بن حرب
756,ديني,"ما هي السورة التي تسمى ""بني إسرائيل""؟",سورة الإسراء
757,ديني,من هو الصحابي الذي كان آخر من مات من الصحابة؟,أبو الطفيل عامر بن واثلة
758,ديني,كم عدد السنوات التي قضاها النبي في مكة بعد البعثة؟,13 سنة
759,ديني,من هي الصحابية التي دافعت عن النبي في أحد؟,نسيبة بنت كعب (أم عمارة)
760,ديني,"ما هو ""يوم الفرقان""؟",يوم غزوة بدر
801,ديني,"ما هي السورة التي تسمى ""المنجية""؟",سورة الملك
802,ديني,من هو النبي الذي كان يعمل في رعي الغنم؟,كل الأنبياء (وعلى رأسهم محمد ﷺ وموسى)
803,ديني,كم عدد ركعات صلاة العصر؟,4 ركعات
804,ديني,ما هو الركن الأول من أركان الإسلام؟,الشهادتان
805,ديني,"من هي ""أم المساكين""؟",زينب بنت خزيمة
806,ديني,ما هي السورة التي بدأت باسم ثمرتين؟,سورة التين (والتين والزيتون)
807,ديني,من هو الصحابي الذي اهتز له عرش الرحمن؟,سعد بن معاذ
808,ديني,ما هو الحيوان الذي ذكر في قصة أبرهة الحبشي؟,الفيل
809,ديني,في أي يوم نزل القرآن الكريم؟,ليلة القدر
810,ديني,"ما هو ""الذكر"" الذي يثقل الميزان (حبيبتان إلى الرحمن)؟",سبحان الله وبحمده سبحان الله العظيم
821,ديني,"من هو ""ذو النورين""؟",عثمان بن عفان
822,ديني,"ما هي السورة التي تسمى ""قلب القرآن""؟",سورة يس
823,ديني,من هو النبي الذي كان يعمل نجاراً؟,زكريا عليه السلام
824,ديني,ما هي الصلاة التي تصلى لطلب المطر؟,صلاة الاستسقاء
825,ديني,من هو الصحابي الذي أشار بحفر الخندق؟,سلمان الفارسي
826,ديني,ما هي السورة التي ذكرت فيها البسملة مرتين؟,سورة النمل
827,ديني,من هو أول من أسلم من الرجال؟,أبو بكر الصديق
828,ديني,ما هي الليلة التي هي خير من ألف شهر؟,ليلة القدر
829,ديني,من هو النبي الذي ابتلعه الحوت؟,يونس عليه السلام
830,ديني,"من هو الصحابي الذي لقب بـ ""سيف الله المسلول""؟",خالد بن الوليد
851,ديني,"من هو الصحابي الذي لقب بـ ""حبر الأمة""؟",عبد الله بن عباس
852,ديني,"ما هي السورة التي تسمى ""الفاضحة""؟",سورة التوبة
853,ديني,"من هو النبي الذي بشر بالنبي محمد باسم ""أحمد""؟",عيسى عليه السلام
854,ديني,ما هو المسجد الذي أسس على التقوى؟,مسجد قباء
855,ديني,"من هو الصحابي الذي قتل ""مسيلمة الكذاب""؟",وحشي بن حرب
856,ديني,"ما هي السورة التي تسمى ""بني إسرائيل""؟",سورة الإسراء
857,ديني,من هو الصحابي الذي كان آخر من مات من الصحابة؟,أبو الطفيل عامر بن واثلة
858,ديني,كم عدد السنوات التي قضاها النبي في مكة بعد البعثة؟,13 سنة
859,ديني,من هي الصحابية التي دافعت عن النبي في أحد؟,نسيبة بنت كعب (أم عمارة)
860,ديني,"ما هو ""يوم الفرقان""؟",يوم غزوة بدر
901,ديني,"ما هي السورة التي تسمى ""الفاتحة""؟",سورة الحمد
902,ديني,من هو النبي الذي كلمه الله تكليماً؟,موسى عليه السلام
903,ديني,كم عدد ركعات صلاة العشاء؟,4 ركعات
904,ديني,"ما هو ""سيد الشهور""؟",شهر رمضان
905,ديني,"من هي ""أم المؤمنين"" التي روت الكثير من الأحاديث؟",عائشة بنت أبي بكر
906,ديني,ما هي السورة التي تعدل ثلث القرآن؟,سورة الإخلاص
907,ديني,من هو الصحابي الذي أمره النبي بالأذان يوم فتح مكة فوق الكعبة؟,بلال بن رباح
908,ديني,ما هو الحيوان الذي خلقه الله من ناقة؟,لا يوجد (الناقة هي معجزة صالح وخرجت من الصخرة)
909,ديني,في أي ليلة نزل القرآن الكريم؟,ليلة القدر
910,ديني,"ما هو ""الذكر"" الذي يغرس لك نخلة في الجنة؟",سبحان الله العظيم وبحمده
921,ديني,"من هو ""ذو النورين""؟",عثمان بن عفان
922,ديني,"ما هي السورة التي تسمى ""أخت الطويلتين""؟",سورة الأعراف
923,ديني,من هو النبي الذي كان يعمل خياطاً؟,إدريس عليه السلام
924,ديني,ما هي الصلاة التي تصلى عند الكسوف؟,صلاة الكسوف
925,ديني,من هو الصحابي الذي أشار بجمع القرآن؟,عمر بن الخطاب
926,ديني,ما هي السورة التي ذكرت فيها البسملة مرتين؟,سورة النمل
927,ديني,من هو أول من أسلم من الصبيان؟,علي بن أبي طالب
928,ديني,ما هي الليلة التي هي خير من ألف شهر؟,ليلة القدر
929,ديني,من هو النبي الذي ابتلعه الحوت؟,يونس عليه السلام
930,ديني,"من هو الصحابي الذي لقب بـ ""سيف الله المسلول""؟",خالد بن الوليد
951,ديني,"من هو الصحابي الذي لقب بـ ""حبر الأمة""؟",عبد الله بن عباس
952,ديني,"ما هي السورة التي تسمى ""الفاضحة""؟",سورة التوبة
953,ديني,"من هو النبي الذي بشر بالنبي محمد باسم ""أحمد""؟",عيسى عليه السلام
954,ديني,"ما هو المسجد الذي ذكر في القرآن أنه ""أسس على التقوى""؟",مسجد قباء
955,ديني,"من هو الصحابي الذي قتل ""مسيلمة الكذاب""؟",وحشي بن حرب
956,ديني,"ما هي السورة التي تسمى ""بني إسرائيل""؟",سورة الإسراء
957,ديني,من هو الصحابي الذي كان آخر من مات من الصحابة؟,أبو الطفيل عامر بن واثلة
958,ديني,كم عدد السنوات التي قضاها النبي في مكة بعد البعثة؟,13 سنة
959,ديني,"من هي الصحابية التي لقبت بـ ""الخنساء""؟",تماضر بنت عمرو
960,ديني,"ما هو ""يوم الفرقان""؟",يوم غزوة بدر
16,علوم,ما هو الكوكب الأقرب للشمس؟,عطارد
17,علوم,كم عدد ألوان قوس قزح؟,7 ألوان
18,علوم,"ما هو الحيوان الذي يُلقب بـ ""سفينة الصحراء""؟",الجمل
19,علوم,ما هو العضو المسؤول عن التنفس في جسم الإنسان؟,الرئتين
20,علوم,درجة غليان الماء هي؟,100 درجة مئوية
41,علوم,ما هو الغاز الأكثر وفرة في الغلاف الجوي؟,النيتروجين
42,علوم,ما هو الحيوان الذي ينام وإحدى عينيه مفتوحة؟,الدلفين
43,علوم,ما هو الجزء الملون في عين الإنسان؟,القزحية
44,علوم,كم عدد قلوب الأخطبوط؟,3 قلوب
45,علوم,ما هو الفيتامين الذي يأخذه الجسم من أشعة الشمس؟,فيتامين D
46,علوم,ما هو أسرع طائر في العالم؟,الشاهين
47,علوم,ما هو المعدن السائل في درجة الحرارة العادية؟,الزئبق
48,علوم,كم عدد عظام الجمجمة في الإنسان؟,22 عظمة
49,علوم,ما هو الحيوان الذي لا يشرب الماء طوال حياته؟,الجرذ الكنغري
50,علوم,ما هي وحدة قياس الصوت؟,الديسيبل
71,علوم,"ما هو العنصر الكيميائي الذي رمزه ""Au""؟",الذهب
72,علوم,كم يبلغ طول الأمعاء الدقيقة في الإنسان؟,حوالي 6-7 أمتار
73,علوم,ما هو الكوكب الذي يدور حول نفسه بعكس دوران الأرض؟,الزهرة
74,علوم,ما هو الحيوان الذي يستخرج منه المسك الأصلي؟,غزال المسك
75,علوم,ما هو الغاز المسبب الرئيسي لظاهرة الاحتباس الحراري؟,ثاني أكسيد الكربون
116,علوم,ما هو العنصر الذي نرمز له بالرمز (O)؟,الأكسجين
117,علوم,كم عدد أرجل العنكبوت؟,8 أرجل
118,علوم,ما هو أسرع حيوان بري في العالم؟,الفهد (الشيتا)
119,علوم,ما هو أكبر كوكب في المجموعة الشمسية؟,المشتري
120,علوم,مم يتكون السحاب؟,من قطرات الماء أو الثلج
141,علوم,ما هو الجزء في النبات المسؤول عن عملية البناء الضوئي؟,الأوراق (البلاستيدات الخضراء)
142,علوم,ما هو الحيوان الذي يمتلك أكبر دماغ نسبة لجسمه؟,النملة
143,علوم,كم عدد فقرات العمود الفقري عند الإنسان؟,33 فقرة
144,علوم,ما هو الغاز الذي يستخدم في إطفاء الحرائق؟,ثاني أكسيد الكربون
145,علوم,"ما هي فصيلة الدم التي تسمى ""المعطي العام""؟",O- (O سالب)
146,علوم,ما هو المعدن الذي يعتبر أفضل موصل للكهرباء؟,الفضة
147,علوم,كم تستغرق أشعة الشمس للوصول إلى الأرض؟,8 دقائق و 20 ثانية تقريباً
148,علوم,ما هو الطائر الذي يضع أكبر بيضة في العالم؟,النعامة
149,علوم,ما هي المادة المسؤولة عن تلون الدم باللون الأحمر؟,الهيموجلوبين
150,علوم,أين تقع الغدة الدرقية في جسم الإنسان؟,في الرقبة
171,علوم,ما هو الحيوان الذي يموت إذا قطع ذيله؟,الحصان
172,علوم,ما هو العنصر الكيميائي السائل الوحيد من اللا فلزات؟,البروم
173,علوم,ما هو الجزء الوحيد في جسم الإنسان الذي لا يصله الدم؟,قرنية العين
174,علوم,كم عدد قلوب دودة الأرض؟,5 أزواج من القلوب (10 قلوب)
175,علوم,ما هو أثقل حيوان وزناً على اليابسة؟,الفيل الأفريقي
216,علوم,"ما هو الحيوان الذي يسمى ""ملك الغابة""؟",الأسد
217,علوم,مم تتكون الأسنان؟,من الكالسيوم
218,علوم,ما هو الغاز الذي نتنفسه؟,الأكسجين
219,علوم,كم عدد أصابع يد الإنسان الطبيعي؟,5 أصابع
220,علوم,ما هو الشيء الذي ينبض في جسم الإنسان؟,القلب
241,علوم,ما هو أذكى حيوان بحري؟,الدلفين
242,علوم,كم عدد غرف القلب في جسم الإنسان؟,4 غرف (أذينان وبطينان)
243,علوم,ما هو المعدن الذي يوجد في الحالة السائلة؟,الزئبق
244,علوم,"ما هو الكوكب الذي يسمى ""نجمة الصباح""؟",الزهرة
245,علوم,ما هو الحيوان الذي لا يمتلك معدة؟,خلد الماء / الفراشة / الحصان (ليس لديه مرارة)
246,علوم,ما هو العضو الذي يستهلك 40% من أكسجين الدم؟,المخ
247,علوم,ما هو الفيتامين المسؤول عن تجلط الدم؟,فيتامين K
248,علوم,كم عدد العضلات في جسم الإنسان تقريباً؟,أكثر من 600 عضلة
249,علوم,ما هي المادة التي تشكل 80% من دماغ الإنسان؟,الماء
250,علوم,ما هو أسرع شيء في الكون؟,الضوء
271,علوم,ما هو الحيوان الذي دمه أزرق؟,الأخطبوط
272,علوم,ما هو العنصر الكيميائي الأكثر كثافة؟,الأوزميوم
273,علوم,كم يبلغ طول الحمض النووي (DNA) في خلية واحدة إذا فرد؟,حوالي 2 متر
274,علوم,ما هو الحيوان الذي يستطيع رؤية الأشعة فوق البنفسجية؟,النحل / الطيور
275,علوم,ما هي أقدم شجرة في العالم؟,شجرة الصنوبر المعمرة (بريثل)
316,علوم,ما هو الحيوان الذي له خرطوم طويل؟,الفيل
317,علوم,ما هو الشيء الذي نتنفسه لكي نعيش؟,الهواء (الأكسجين)
318,علوم,كم عدد أرجل النملة؟,6 أرجل
319,علوم,ما هو مصدر الضوء الرئيسي على الأرض؟,الشمس
320,علوم,درجة تجمد الماء هي؟,صفر مئوية
341,علوم,ما هو العضو المسؤول عن تصفية الدم في الجسم؟,الكلية
342,علوم,ما هو الغاز الذي تخرجه النباتات أثناء النهار؟,الأكسجين
343,علوم,"ما هو الحيوان الذي يعتبر ""أثقل حيوان وزناً"" في العالم؟",الحوت الأزرق
344,علوم,ما هو الكوكب الذي يشتهر بحلقاته الملونة؟,زحل
345,علوم,كم عدد أسنان الإنسان البالغ؟,32 سناً
346,علوم,ما هو العنصر الذي يرمز له بالرمز (Na)؟,الصوديوم
347,علوم,ما هو الطائر الذي يستطيع الطيران للخلف؟,الطائر الطنان
348,علوم,ما هي المادة الأقسى في جسم الإنسان؟,مينا الأسنان
349,علوم,كم يستغرق القمر للدوران حول الأرض؟,27.3 يوماً تقريباً
350,علوم,ما هو المعدن السائل الوحيد؟,الزئبق
371,علوم,ما هو الحيوان الذي لا يشرب الماء وإذا شربه مات؟,الجرذ الكنغري (يصنع الماء داخلياً)
372,علوم,ما هو العنصر الكيميائي الذي يستخدم في صناعة القنبلة الذرية؟,اليورانيوم
373,علوم,ما هو العضو الذي ينمو مرة أخرى إذا قطع جزء منه؟,الكبد
374,علوم,كم عدد قلوب الدودة؟,ليس لها قلب بالمفهوم المعروف (أوعية دموية نابضة)
375,علوم,"ما هو الفيتامين الذي يسبب نقصه مرض ""الاسقربوط""؟",فيتامين C
416,علوم,ما هو الحيوان الذي يمتلك ذاكرة قوية جداً؟,الفيل
417,علوم,ما هو الغاز الذي يملأ البالونات لتطير؟,الهيليوم
418,علوم,كم عدد أرجل العنكبوت؟,8 أرجل
419,علوم,ما هو الكوكب الذي نعيش عليه؟,الأرض
420,علوم,ما هي المادة التي يتكون منها العسل؟,رحيق الأزهار
441,علوم,ما هو الحيوان الذي ينام واقفاً؟,الحصان
442,علوم,ما هو الجزء في الخلية المسؤول عن إنتاج الطاقة؟,الميتوكوندريا
443,علوم,ما هو العنصر الكيميائي الذي رمزه (Fe)؟,الحديد
444,علوم,كم عدد كواكب المجموعة الشمسية؟,8 كواكب
445,علوم,ما هو الحيوان الذي يغير لونه حسب المكان؟,الحرباء
446,علوم,ما هو الفيتامين الذي يقي من مرض الكساح؟,فيتامين D
447,علوم,ما هو أسرع طائر في الانقضاض؟,الشاهين (الصقر الجوال)
448,علوم,ما هو العضو الذي يتحكم في توازن الجسم؟,الأذن الداخلية (والمخيخ)
449,علوم,ما هي المادة التي تعطي النبات اللون الأخضر؟,الكلوروفيل
450,علوم,كم يبلغ عدد دقات قلب الشخص البالغ في الدقيقة (المعدل الطبيعي)؟,60 - 100 دقة
471,علوم,ما هو الحيوان الذي يستطيع أن يرى أذنيه؟,لا يوجد (سؤال خادع/ أو الزرافة بلسانها) - الإجابة العلمية: لا يرى أذنيه مباشرة
472,علوم,ما هو العنصر الكيميائي الذي يستخدم في البطاريات القابلة للشحن (مثل الهواتف)؟,الليثيوم
473,علوم,ما هو العضو الذي لا يشعر بالألم في جسم الإنسان (لعدم وجود مستقبلات ألم)؟,الدماغ (المخ)
474,علوم,كم عدد عظام القفص الصدري؟,24 ضلعاً (12 زوجاً)
475,علوم,ما هو الكائن الحي الذي لا يموت (بيولوجياً)؟,قنديل البحر الخالد (Turritopsis dohrnii)
516,علوم,"ما هو الحيوان الذي يسمى ""سفينة الصحراء""؟",الجمل
517,علوم,ما هو اللون الذي ينتج عن خلط الأزرق والأصفر؟,الأخضر
518,علوم,ما هو العضو الذي يضخ الدم في الجسم؟,القلب
519,علوم,كم عدد أيام السنة الكبيسة؟,366 يوماً
520,علوم,ما هي الحالة التي يكون عليها الماء عند الغليان؟,الحالة الغازية (بخار)
541,علوم,ما هو الغاز الذي يستخدم في التخدير الطبي (غاز الضحك)؟,أكسيد النيتروز
542,علوم,ما هو الحيوان الذي يستطيع تدوير رأسه 270 درجة؟,البومة
543,علوم,ما هو العنصر الكيميائي الذي رمزه (K)؟,البوتاسيوم
544,علوم,كم عدد عظام الجمجمة في الإنسان؟,22 عظمة
545,علوم,"ما هو الكوكب الذي يسمى ""الكوكب الأحمر""؟",المريخ
546,علوم,ما هو الحيوان الذي ليس له صوت؟,الزرافة
547,علوم,ما هي المادة التي يتكون منها ظفر الإنسان؟,الكيراتين
548,علوم,كم يبلغ طول الأمعاء الدقيقة في الإنسان؟,حوالي 6-7 أمتار
549,علوم,ما هو الطائر الذي يضع بيضه في عش غيره؟,الوقواق
550,علوم,ما هو المعدن الأغلى من الذهب؟,البلاتين (أحياناً) / الروديوم
571,علوم,ما هو الحيوان الذي يموت إذا فتح فمه لأكثر من دقيقة؟,الضفدع (لأنه يتنفس وفمه مغلق أحياناً) - (معلومة شائعة: الضفدع لا يستطيع التنفس وفمه مفتوح لفترة طويلة)
572,علوم,ما هو العنصر الكيميائي السائل الوحيد من اللا فلزات؟,البروم
573,علوم,ما هو العضو الذي يستهلك 20% من طاقة الجسم؟,الدماغ
574,علوم,كم عدد قلوب الأخطبوط؟,3 قلوب
575,علوم,"ما هو الفيتامين الذي يسمى ""فيتامين الشمس""؟",فيتامين D
616,علوم,ما هو الحيوان الذي يتحمل العطش أكثر من الجمل؟,الزرافة (أو العقرب)
617,علوم,ما هو الغاز الذي نخرجه عند الزفير؟,ثاني أكسيد الكربون
618,علوم,كم عدد أرجل الذبابة؟,6 أرجل
619,علوم,ما هو المعدن الذي يجذبه المغناطيس؟,الحديد
620,علوم,ما هو لون دم الأخطبوط؟,أزرق
641,علوم,ما هو الحيوان الذي لا يمتلك معدة؟,خلد الماء
642,علوم,ما هو الجزء في العين المسؤول عن تجميع الضوء؟,العدسة
643,علوم,ما هو العنصر الكيميائي الذي رمزه (Ca)؟,الكالسيوم
644,علوم,كم عدد كواكب المجموعة الشمسية؟,8 كواكب
645,علوم,ما هو الحيوان الذي يمتلك 3 قلوب؟,الأخطبوط
646,علوم,ما هو الفيتامين الذي يوجد بكثرة في البرتقال؟,فيتامين C
647,علوم,ما هو أسرع حيوان بحري؟,سمكة الزعنفة الشراعية (Sailfish)
648,علوم,ما هو العضو الذي يفرز الأنسولين؟,البنكرياس
649,علوم,ما هي المادة التي تشكل الهيكل الخارجي للحشرات؟,الكيتين
650,علوم,كم يبلغ عدد عظام القفص الصدري؟,24 ضلعاً
671,علوم,ما هو الحيوان الذي يستطيع العيش دون رأس لمدة أسبوع؟,الصرصور
672,علوم,ما هو العنصر الكيميائي الذي يستخدم في صناعة الزجاج؟,السيليكون (الرمل)
673,علوم,ما هو العضو الذي يستهلك أكبر كمية من الطاقة في الجسم؟,الدماغ
674,علوم,كم عدد فقرات الرقبة عند الزرافة؟,7 فقرات (مثل الإنسان)
675,علوم,ما هو الفيتامين الذي يساعد على تخثر الدم؟,فيتامين K
716,علوم,"ما هو الحيوان الذي يسمى ""ملك الغابة""؟",الأسد
717,علوم,ما هو الغاز الضروري للتنفس؟,الأكسجين
718,علوم,كم عدد ألوان قوس قزح؟,7 ألوان
719,علوم,ما هو الشيء الذي ينبض بلا توقف في جسم الإنسان؟,القلب
720,علوم,ما هي درجة غليان الماء؟,100 درجة مئوية
741,علوم,ما هو الحيوان الذي لا يشرب الماء؟,الجرذ الكنغري
742,علوم,ما هو الجزء المسؤول عن التوازن في جسم الإنسان؟,المخيخ (والأذن الداخلية)
743,علوم,ما هو العنصر الكيميائي الذي رمزه (H)؟,الهيدروجين
744,علوم,كم عدد كواكب المجموعة الشمسية؟,8 كواكب
745,علوم,ما هو الحيوان الذي يغير لونه؟,الحرباء
746,علوم,ما هو الفيتامين الذي نحصل عليه من الشمس؟,فيتامين D
747,علوم,ما هو أسرع حيوان بري؟,الفهد (الشيتا)
748,علوم,ما هو العضو الذي يصنع الأنسولين؟,البنكرياس
749,علوم,ما هي المادة التي تعطي الدم لونه الأحمر؟,الهيموجلوبين
750,علوم,كم يبلغ عدد عظام الإنسان البالغ؟,206 عظمة
771,علوم,ما هو الحيوان الذي يستطيع العيش دون رأس لمدة أسبوع؟,الصرصور
772,علوم,ما هو العنصر الكيميائي السائل الوحيد من اللا فلزات؟,البروم
773,علوم,ما هو العضو الذي يستهلك أكبر كمية من الطاقة في الجسم؟,الدماغ
774,علوم,كم عدد فقرات الرقبة عند الزرافة؟,7 فقرات
775,علوم,ما هو الفيتامين الذي يساعد على تخثر الدم؟,فيتامين K
816,علوم,"ما هو الحيوان الذي يعتبر ""ملك الغابة""؟",الأسد
817,علوم,ما هو الغاز الذي نتنفسه؟,الأكسجين
818,علوم,كم عدد ألوان قوس قزح؟,7 ألوان
819,علوم,ما هو الشيء الذي ينبض في جسم الإنسان؟,القلب
820,علوم,درجة تجمد الماء هي؟,صفر مئوية
841,علوم,ما هو الحيوان الذي لا يشرب الماء؟,الجرذ الكنغري
842,علوم,ما هو الجزء المسؤول عن التوازن في جسم الإنسان؟,المخيخ
843,علوم,ما هو العنصر الكيميائي الذي رمزه (Fe)؟,الحديد
844,علوم,كم عدد كواكب المجموعة الشمسية؟,8 كواكب
845,علوم,ما هو الحيوان الذي يغير لونه؟,الحرباء
846,علوم,ما هو الفيتامين الذي نحصل عليه من الشمس؟,فيتامين D
847,علوم,ما هو أسرع حيوان بري؟,الفهد (الشيتا)
848,علوم,ما هو العضو الذي يفرز الأنسولين؟,البنكرياس
849,علوم,ما هي المادة التي تعطي النبات اللون الأخضر؟,الكلوروفيل
850,علوم,كم يبلغ عدد عظام الإنسان البالغ؟,206 عظمة
871,علوم,ما هو الحيوان الذي يستطيع العيش دون رأس لمدة أسبوع؟,الصرصور
872,علوم,ما هو العنصر الكيميائي السائل الوحيد من اللا فلزات؟,البروم
873,علوم,ما هو العضو الذي يستهلك أكبر كمية من الطاقة في الجسم؟,الدماغ
874,علوم,كم عدد فقرات الرقبة عند الزرافة؟,7 فقرات
875,علوم,ما هو الفيتامين الذي يساعد على تخثر الدم؟,فيتامين K
916,علوم,"ما هو الحيوان الذي يسمى ""سفينة الصحراء""؟",الجمل
917,علوم,ما هو الغاز الذي يمتصه النبات لصنع غذائه؟,ثاني أكسيد الكربون
918,علوم,كم عدد أرجل العنكبوت؟,8 أرجل
919,علوم,ما هو العضو الذي يتحكم في جميع أجزاء الجسم؟,المخ (الدماغ)
920,علوم,درجة غليان الماء هي؟,100 درجة مئوية
941,علوم,ما هو الحيوان الذي لا يمتلك معدة؟,خلد الماء / الفراشة
942,علوم,ما هو الجزء المسؤول عن الإبصار في العين؟,الشبكية
943,علوم,ما هو العنصر الكيميائي الذي رمزه (O)؟,الأكسجين
944,علوم,كم عدد كواكب المجموعة الشمسية؟,8 كواكب
945,علوم,ما هو الحيوان الذي يغير لونه؟,الحرباء
946,علوم,"ما هو الفيتامين الذي يقي من ""العشى الليلي""؟",فيتامين A
947,علوم,ما هو أسرع حيوان بري؟,الفهد (الشيتا)
948,علوم,ما هو العضو الذي يفرز العصارة الصفراوية؟,الكبد
949,علوم,ما هي المادة التي تعطي النبات اللون الأخضر؟,الكلوروفيل
950,علوم,كم يبلغ عدد عظام الجمجمة؟,22 عظمة
971,علوم,ما هو الحيوان الذي يستطيع العيش دون رأس لمدة أسبوع؟,الصرصور
972,علوم,ما هو العنصر الكيميائي السائل الوحيد من اللا فلزات؟,البروم
973,علوم,ما هو العضو الذي يستهلك أكبر كمية من الطاقة في الجسم؟,الدماغ
974,علوم,كم عدد فقرات الرقبة عند الزرافة؟,7 فقرات
975,علوم,ما هو الفيتامين الذي يساعد على تخثر الدم؟,فيتامين K
86,كرة قدم,من هو المنتخب الفائز بكأس العالم 2022؟,الأرجنتين
87,كرة قدم,أين سيقام كأس العالم 2030؟,"المغرب، إسبانيا، البرتغال"
88,كرة قدم,من هو الهداف التاريخي لمنتخب مصر؟,حسام حسن
89,كرة قدم,كم عدد اللاعبين في فريق كرة اليد؟,7 لاعبين
90,كرة قدم,ما هو النادي المصري الفائز ببطولة أفريقيا للأندية أبطال الكؤوس 1986؟,الأهلي
386,كرة قدم,من هو المنتخب الفائز بكأس العالم 2018؟,فرنسا
387,كرة قدم,من هو الهداف التاريخي لكأس العالم؟,ميروسلاف كلوزه (16 هدف)
388,كرة قدم,أين أقيمت أول بطولة كأس عالم؟,الأوروغواي (1930)
389,كرة قدم,ما هو النادي الأكثر فوزاً بدوري أبطال أوروبا؟,ريال مدريد
390,كرة قدم,"من هو اللاعب الملقب بـ ""الظاهرة""؟",رونالدو البرازيلي
486,كرة قدم,من هو اللاعب الذي نطح ماتيرازي في نهائي كأس العالم 2006؟,زين الدين زيدان
487,كرة قدم,"ما هو النادي الذي يلقب بـ ""الشياطين الحمر""؟",مانشستر يونايتد (أو الأهلي المصري)
488,كرة قدم,أين أقيمت كأس العالم 2014؟,البرازيل
489,كرة قدم,من هو الحارس الذي سجل أكثر من 100 هدف في مسيرته؟,روجيريو سيني
490,كرة قدم,ما هي الدولة التي فازت ببطولة أمم أوروبا 2004 (المفاجأة)؟,اليونان
586,كرة قدم,من هو اللاعب الذي فاز بالكرة الذهبية 7 مرات؟,"ليونيل ميسي (حتى 2021، والآن 8 مرات)"
587,كرة قدم,"ما هو النادي الذي يلقب بـ ""السيدة العجوز""؟",يوفنتوس
588,كرة قدم,أين أقيمت أول بطولة كأس عالم؟,الأوروغواي
589,كرة قدم,من هو الهداف التاريخي لمنتخب البرازيل؟,نيمار (تجاوز بيليه)
590,كرة قدم,ما هي الدولة التي اخترعت كرة القدم الحديثة؟,إنجلترا
686,كرة قدم,من هو المنتخب الفائز بكأس العالم 2014؟,ألمانيا
687,كرة قدم,"ما هو النادي الذي يلقب بـ ""المدفعجية""؟",أرسنال
688,كرة قدم,أين أقيمت كأس العالم 2010؟,جنوب أفريقيا
689,كرة قدم,من هو الهداف التاريخي للدوري الإنجليزي الممتاز؟,آلان شيرر (أو هاري كين/روني حسب التحديث) - الإجابة الأدق تاريخياً آلان شيرر
690,كرة قدم,ما هي الدولة التي فازت بأول نسخة لكأس الأمم الأوروبية؟,الاتحاد السوفيتي
786,كرة قدم,من هو المنتخب الفائز بكأس العالم 2014؟,ألمانيا
787,كرة قدم,"ما هو النادي الذي يلقب بـ ""المدفعجية""؟",أرسنال
788,كرة قدم,أين أقيمت كأس العالم 2010؟,جنوب أفريقيا
789,كرة قدم,من هو الهداف التاريخي للدوري الإنجليزي الممتاز؟,آلان شيرر
790,كرة قدم,ما هي الدولة التي فازت بأول نسخة لكأس الأمم الأوروبية؟,الاتحاد السوفيتي
886,كرة قدم,من هو المنتخب الفائز بكأس العالم 2014؟,ألمانيا
887,كرة قدم,"ما هو النادي الذي يلقب بـ ""المدفعجية""؟",أرسنال
888,كرة قدم,أين أقيمت كأس العالم 2010؟,جنوب أفريقيا
889,كرة قدم,من هو الهداف التاريخي للدوري الإنجليزي الممتاز؟,آلان شيرر
890,كرة قدم,ما هي الدولة التي فازت بأول نسخة لكأس الأمم الأوروبية؟,الاتحاد السوفيتي
986,كرة قدم,من هو المنتخب الفائز بكأس العالم 2014؟,ألمانيا
987,كرة قدم,"ما هو النادي الذي يلقب بـ ""المدفعجية""؟",أرسنال
988,كرة قدم,أين أقيمت كأس العالم 2010؟,جنوب أفريقيا
989,كرة قدم,من هو الهداف التاريخي للدوري الإنجليزي الممتاز؟,آلان شيرر
990,كرة قدم,ما هي الدولة التي فازت بأول نسخة لكأس الأمم الأوروبية؟,الاتحاد السوفيتي
186,متنوع,كم عدد لاعبي فريق الكرة الطائرة؟,6 لاعبين
187,متنوع,"من هو اللاعب الملقب بـ ""الجوهرة السوداء""؟",بيليه
188,متنوع,في أي دولة نشأت لعبة التنس الحديثة؟,فرنسا
189,متنوع,ما هو طول ماراثون الجري الرسمي؟,42.195 كيلومتر
190,متنوع,كم عدد القوارير (القطع الخشبية) في لعبة البولينج؟,10 قطع
286,متنوع,كم عدد لاعبي فريق كرة الماء؟,7 لاعبين
287,متنوع,ما هي الدولة التي اخترعت لعبة الجولف؟,اسكتلندا
288,متنوع,"من هو اللاعب الملقب بـ ""البرغوث""؟",ليونيل ميسي
289,متنوع,كم يبلغ ارتفاع شبكة كرة الطائرة للرجال؟,2.43 متر
290,متنوع,في أي عام أقيمت أول دورة ألعاب أولمبية حديثة؟,1896م (أثينا)
91,مصر,ما هي المحافظة المصرية التي تشتهر بصناعة الأثاث؟,دمياط
92,مصر,أين يقع معبد الكرنك؟,الأقصر
93,مصر,ما هو البحر الذي يحد مصر من الشمال؟,البحر المتوسط
94,مصر,من هو عميد الأدب العربي؟,طه حسين
95,مصر,متى تم افتتاح قناة السويس الجديدة؟,2015م
96,مصر,"ما هي المدينة المصرية الملقبة بـ ""المدينة الباسلة""؟",بورسعيد
97,مصر,من هو أول رئيس لجمهورية مصر العربية؟,محمد نجيب
98,مصر,ما هي أكبر بحيرة صناعية في العالم تقع في مصر؟,بحيرة ناصر
99,مصر,ما هي العملة التي كانت تستخدم في مصر قبل الجنيه؟,القرش / البارة
100,مصر,"ما هو النادي الذي يطلق عليه ""الدراويش""؟",الإسماعيلي
191,مصر,أين يقع السد العالي؟,أسوان
192,مصر,"من هو الأديب المصري الذي لقب بـ ""أمير الشعراء""؟",أحمد شوقي
193,مصر,"ما هي المحافظة التي يطلق عليها ""بلد المليون نخلة""؟",الوادي الجديد
194,مصر,من هو بطل حرب أكتوبر 1973؟,الرئيس محمد أنور السادات
195,مصر,أين يوجد طريق الكباش؟,الأقصر
196,مصر,ما هي أشهر أكلة شعبية مصرية؟,الكشري
197,مصر,من هو مؤسس بنك مصر؟,طلعت حرب
198,مصر,ما هي المحافظة التي تقع بها جامعة الأزهر (المقر الرئيسي)؟,القاهرة
199,مصر,متى تم جلاء القوات البريطانية عن مصر؟,1956م
200,مصر,ما هو الاسم الفرعوني لمصر؟,كيميت (الأرض السوداء)
291,مصر,"من هو ملحن النشيد الوطني المصري ""بلادي بلادي""؟",سيد درويش
292,مصر,أين يقع المتحف المصري الكبير؟,الجيزة (بجوار الأهرامات)
293,مصر,ما هي المحافظة التي تشتهر بزراعة المانجو؟,الإسماعيلية
294,مصر,"من هو بطل فيلم ""الناصر صلاح الدين""؟",أحمد مظهر
295,مصر,"ما هي المدينة المصرية الملقبة بـ ""عروس البحر المتوسط""؟",الإسكندرية
296,مصر,من هو أول مصري يحصل على جائزة نوبل؟,الرئيس محمد أنور السادات (للسلام)
297,مصر,ما هو الحي الذي يوجد به مسجد الحسين؟,حي الجمالية
298,مصر,"ما هو النادي المصري الملقب بـ ""الشواكيش""؟",الترسانة
299,مصر,متى تم تحرير سيناء بالكامل (رفع العلم على طابا)؟,1989م (أو 25 أبريل 1982 كعيد تحرير)
300,مصر,ما هي العملة الرسمية لمصر؟,الجنيه المصري
391,مصر,أين يقع هرم زوسر المدرج؟,سقارة
392,مصر,من هو باني قلعة صلاح الدين في القاهرة؟,صلاح الدين الأيوبي
393,مصر,ما هي المحافظة التي تشتهر بصناعة الحلويات (المشبك)؟,دمياط
394,مصر,من هو مؤلف ثلاثية القاهرة (بين القصرين..)؟,نجيب محفوظ
395,مصر,ما هو الحي الذي يوجد به الجامع الأزهر؟,حي الدرب الأحمر (أو الجمالية مجازاً)
396,مصر,متى تم افتتاح برج القاهرة؟,1961م
397,مصر,ما هو البحر الذي يفصل مصر عن السعودية؟,البحر الأحمر
398,مصر,"ما هي المدينة التي تسمى ""عروس الصعيد""؟",المنيا
399,مصر,من هو العالم المصري الذي حصل على جائزة نوبل في السلام؟,محمد أنور السادات
400,مصر,ما هي أكبر بحيرة مالحة في مصر؟,بحيرة المنزلة
491,مصر,من هو باني الهرم الأكبر؟,الملك خوفو
492,مصر,ما هي المحافظة التي تشتهر بصناعة الفخار؟,الفيوم / قنا
493,مصر,أين يقع قصر البارون؟,مصر الجديدة (القاهرة)
494,مصر,"من هو الممثل الملقب بـ ""الزعيم""؟",عادل إمام
495,مصر,ما هو الحي الذي يوجد به مسجد السيدة زينب؟,حي السيدة زينب
496,مصر,متى تم افتتاح مترو الأنفاق في مصر لأول مرة؟,1987م
497,مصر,"ما هي المدينة التي تشتهر بـ ""الحمام الزاجل"" قديماً في مصر؟",شبراخيت (أو دمياط للبريد)
498,مصر,من هو شيخ الأزهر الحالي (2024/2025)؟,الشيخ أحمد الطيب
499,مصر,ما هي أكبر واحة في مصر؟,الخارجة / أو سيوة شهرةً
500,مصر,ما هو الاسم القديم لمدينة الأقصر؟,طيبة
591,مصر,من هو باني الهرم الثاني؟,خفرع
592,مصر,"ما هي المحافظة التي يطلق عليها ""بلد المواويل""؟",سوهاج
593,مصر,أين يقع دير سانت كاترين؟,جنوب سيناء
594,مصر,"من هو الممثل الملقب بـ ""ساحر النساء""؟",رشدي أباظة
595,مصر,ما هو الحي الذي يوجد به مسجد السلطان حسن؟,حي القلعة (الخليفة)
596,مصر,متى تم تأميم قناة السويس؟,1956م
597,مصر,ما هي المدينة التي تشتهر بصناعة الأثاث؟,دمياط
598,مصر,"من هو شيخ الأزهر الراحل الملقب بـ ""إمام الدعاة""؟",الشيخ محمد متولي الشعراوي
599,مصر,ما هي أكبر جزيرة في نهر النيل بالقاهرة؟,جزيرة الزمالك (الجزيرة)
600,مصر,ما هو الاسم الفرعوني لمدينة عين شمس؟,أون
691,مصر,من هو مهندس تمثال نهضة مصر؟,محمود مختار
692,مصر,ما هي المحافظة التي يوجد بها معبد فيلة؟,أسوان
693,مصر,أين يقع قصر المنتزه؟,الإسكندرية
694,مصر,"من هو الممثل الملقب بـ ""فتى الشاشة الأول"" قديماً؟","أنور وجدي / رشدي أباظة (حسب السياق، لكن أنور وجدي لقب بذلك)"
695,مصر,ما هو الحي الذي يوجد به مسجد السيدة عائشة؟,حي الخليفة
696,مصر,متى تم افتتاح قناة السويس القديمة؟,1869م
697,مصر,ما هي المدينة التي تشتهر بصناعة الغزل والنسيج؟,المحلة الكبرى
698,مصر,"من هو القارئ الملقب بـ ""صوت مكة""؟",عبد الباسط عبد الصمد (لقب بصوت مكة في فترة من حياته)
699,مصر,ما هي أكبر محمية طبيعية في مصر؟,محمية جبل علبة
700,مصر,ما هو الاسم الفرعوني لمدينة الإسكندرية؟,راقودة (القرية القديمة)
791,مصر,من هو مهندس تمثال نهضة مصر؟,محمود مختار
792,مصر,ما هي المحافظة التي يوجد بها معبد فيلة؟,أسوان
793,مصر,أين يقع قصر المنتزه؟,الإسكندرية
794,مصر,"من هو الممثل الملقب بـ ""فتى الشاشة الأول"" قديماً؟",أنور وجدي
795,مصر,ما هو الحي الذي يوجد به مسجد السيدة عائشة؟,حي الخليفة
796,مصر,متى تم افتتاح قناة السويس القديمة؟,1869م
797,مصر,ما هي المدينة التي تشتهر بصناعة الغزل والنسيج؟,المحلة الكبرى
798,مصر,"من هو القارئ الملقب بـ ""صوت مكة""؟",عبد الباسط عبد الصمد
799,مصر,ما هي أكبر محمية طبيعية في مصر؟,محمية جبل علبة
800,مصر,ما هو الاسم الفرعوني لمدينة الإسكندرية؟,راقودة
891,مصر,من هو مهندس تمثال نهضة مصر؟,محمود مختار
892,مصر,ما هي المحافظة التي يوجد بها معبد فيلة؟,أسوان
893,مصر,أين يقع قصر المنتزه؟,الإسكندرية
894,مصر,"من هو الممثل الملقب بـ ""فتى الشاشة الأول"" قديماً؟",أنور وجدي
895,مصر,ما هو الحي الذي يوجد به مسجد السيدة عائشة؟,حي الخليفة
896,مصر,متى تم افتتاح قناة السويس القديمة؟,1869م
897,مصر,ما هي المدينة التي تشتهر بصناعة الغزل والنسيج؟,المحلة الكبرى
898,مصر,"من هو القارئ الملقب بـ ""صوت مكة""؟",عبد الباسط عبد الصمد
899,مصر,ما هي أكبر محمية طبيعية في مصر؟,محمية جبل علبة
900,مصر,ما هو الاسم الفرعوني لمدينة الإسكندرية؟,راقودة
991,مصر,من هو مهندس تمثال نهضة مصر؟,محمود مختار
992,مصر,ما هي المحافظة التي يوجد بها معبد فيلة؟,أسوان
993,مصر,أين يقع قصر المنتزه؟,الإسكندرية
994,مصر,"من هو الممثل الملقب بـ ""فتى الشاشة الأول"" قديماً؟",أنور وجدي
995,مصر,ما هو الحي الذي يوجد به مسجد السيدة عائشة؟,حي الخليفة
996,مصر,متى تم افتتاح قناة السويس القديمة؟,1869م
997,مصر,ما هي المدينة التي تشتهر بصناعة الغزل والنسيج؟,المحلة الكبرى
998,مصر,"من هو القارئ الملقب بـ ""صوت مكة""؟",عبد الباسط عبد الصمد
999,مصر,ما هي أكبر محمية طبيعية في مصر؟,محمية جبل علبة
1000,مصر,ما هو الاسم الفرعوني لمدينة الإسكندرية؟,راقودة
